title_id, title_name
2128466535,1-Bit Dungeon
2083639018,1-Bit Dungeon
1626046949,1-Bit Dungeon
1875818022,1 Square
1760929748,1 Square
2085654630,DisAssemble
2039884665,DisAssemble
1734375716,DisAssemble
1707619874,2 Synchro Hedhehogs
1668379163,2 Synchro Hedhehogs
1980412525,50 Years
2101174985,50 Years
60633334,7 Days to Die
1730971667,7 Days to Die
1745806870,7 Days to Die
2083281538,8-Bit Selection: Arcade Replay
1836220700,8-Bit Selection: Arcade Replay
1767641407,8-Bit Selection: Arcade Replay
1814426855,9 Clues 2: The Ward
2126024203,9 Clues 2: The Ward
1768830653,9 Clues: The Secret of Serpent Creek
1716716789,9 Clues: The Secret of Serpent Creek
2021981766,A Clareira
2095556316,A Clareira
1633375130,A Clareira
2143765838,A Maze Against Time
2120926685,A Maze Against Time
1918072947,A Maze Against Time
969381141,A Plague Tale: Innocence
1686368600,A Plague Tale: Innocence
1901373103,A Winter's Daydream
1629925858,A Winter's Daydream
1740973231,A World of Keflings
1931704656,A World of Keflings
1480657371,A World of Keflings
361795699,Abyss: The Wraiths of Eden
1693290116,Abyss: The Wraiths of Eden
949699803,ABZU
2143725369,ABZU
780447366,ACA NEOGEO 2020 SUPER BASEBALL
1701200455,ACA NEOGEO 2020 SUPER BASEBALL
1758359164,ACA NEOGEO AERO FIGHTERS 2
1060271764,ACA NEOGEO AERO FIGHTERS 2
159107312,ACA NEOGEO AERO FIGHTERS 3
1823775190,ACA NEOGEO AERO FIGHTERS 3
520926262,ACA NEOGEO AGGRESSORS OF DARK KOMBAT
1701185401,ACA NEOGEO AGGRESSORS OF DARK KOMBAT
243517096,ACA NEOGEO ALPHA MISSION II
1699837949,ACA NEOGEO ALPHA MISSION II
1716144881,ACA NEOGEO ART OF FIGHTING
256509266,ACA NEOGEO ART OF FIGHTING
161766155,ACA NEOGEO ART OF FIGHTING 2
1977415136,ACA NEOGEO ART OF FIGHTING 2
1052909776,ACA NEOGEO ART OF FIGHTING 3
1976630039,ACA NEOGEO ART OF FIGHTING 3
955101050,ACA NEOGEO BASEBALL STARS 2
1770850144,ACA NEOGEO BASEBALL STARS 2
2055344457,ACA NEOGEO BASEBALL STARS PROFESSIONAL
667599199,ACA NEOGEO BASEBALL STARS PROFESSIONAL
732054872,ACA NEOGEO BIG TOURNAMENT GOLF
1634336034,ACA NEOGEO BIG TOURNAMENT GOLF
1688198598,ACA NEOGEO BLAZING STAR
444344386,ACA NEOGEO BLAZING STAR
1789385168,ACA NEOGEO BLUE'S JOURNEY
226038481,ACA NEOGEO BLUE'S JOURNEY
2131854107,ACA NEOGEO BURNING FIGHT
793248549,ACA NEOGEO BURNING FIGHT
1029347426,ACA NEOGEO FATAL FURY
1718478232,ACA NEOGEO FATAL FURY
205568590,ACA NEOGEO FATAL FURY 2
1788342021,ACA NEOGEO FATAL FURY 2
57524562,ACA NEOGEO FATAL FURY 3
1663414564,ACA NEOGEO FATAL FURY 3
1860382405,ACA NEOGEO FATAL FURY SPECIAL
254946653,ACA NEOGEO FATAL FURY SPECIAL
328764378,ACA NEOGEO GALAXY FIGHT: UNIVERSAL WARRIORS
2131885858,ACA NEOGEO GALAXY FIGHT: UNIVERSAL WARRIORS
934133999,ACA NEOGEO GAROU: MARK OF THE WOLVES
1969729662,ACA NEOGEO GAROU: MARK OF THE WOLVES
641616197,ACA NEOGEO GHOST PILOTS
1938102722,ACA NEOGEO GHOST PILOTS
1070225934,ACA NEOGEO KING OF THE MONSTERS
1979494676,ACA NEOGEO KING OF THE MONSTERS
634582679,ACA NEOGEO KING OF THE MONSTERS 2
1803118690,ACA NEOGEO KING OF THE MONSTERS 2
213848957,ACA NEOGEO KIZUNA ENCOUNTER
2048122343,ACA NEOGEO KIZUNA ENCOUNTER
1892964985,ACA NEOGEO LAST RESORT
442683589,ACA NEOGEO LAST RESORT
742489013,ACA NEOGEO LEAGUE BOWLING
1918876063,ACA NEOGEO LEAGUE BOWLING
835935489,ACA NEOGEO MAGICAL DROP II
1978162500,ACA NEOGEO MAGICAL DROP II
1655378478,ACA NEOGEO MAGICAL DROP III
174349332,ACA NEOGEO MAGICAL DROP III
1026198597,ACA NEOGEO MAGICIAN LORD
2003935652,ACA NEOGEO MAGICIAN LORD
390641336,ACA NEOGEO METAL SLUG
2101461383,ACA NEOGEO METAL SLUG
398132983,ACA NEOGEO METAL SLUG 2
1839622239,ACA NEOGEO METAL SLUG 2
1620740906,ACA NEOGEO METAL SLUG 3
983914761,ACA NEOGEO METAL SLUG 3
304633817,ACA NEOGEO METAL SLUG 4
1670850723,ACA NEOGEO METAL SLUG 4
70786264,ACA NEOGEO METAL SLUG 5
1847786076,ACA NEOGEO METAL SLUG 5
731026222,ACA NEOGEO METAL SLUG X
2059320064,ACA NEOGEO METAL SLUG X
1028912261,ACA NEOGEO Money Puzzle Exchanger
1930253483,ACA NEOGEO Money Puzzle Exchanger
1968900621,ACA NEOGEO MUTATION NATION
154672501,ACA NEOGEO MUTATION NATION
1693769729,ACA NEOGEO NAM-1975
511809777,ACA NEOGEO NAM-1975
1048340327,ACA NEOGEO NEO GEO CUP '98: THE ROAD TO THE VICTORY
1831887873,ACA NEOGEO NEO GEO CUP '98: THE ROAD TO THE VICTORY
2059560208,ACA NEOGEO NINJA COMBAT
398726065,ACA NEOGEO NINJA COMBAT
261362691,ACA NEOGEO OVER TOP
1721685011,ACA NEOGEO OVER TOP
1768777160,ACA NEOGEO POWER SPIKES II
958591661,ACA NEOGEO POWER SPIKES II
118523577,ACA NEOGEO PREHISTORIC ISLE 2
2085925765,ACA NEOGEO PREHISTORIC ISLE 2
608710317,ACA NEOGEO PULSTAR
1729691718,ACA NEOGEO PULSTAR
895307472,ACA NEOGEO PUZZLE BOBBLE
483384785,ACA NEOGEO PUZZLE BOBBLE 2
1719118328,ACA NEOGEO PUZZLE BOBBLE 2
1797974868,ACA NEOGEO PUZZLE BOBBLE
1745554488,ACA NEOGEO PUZZLED
195304463,ACA NEOGEO PUZZLED
1810603436,ACA NEOGEO REAL BOUT FATAL FURY
356219446,ACA NEOGEO REAL BOUT FATAL FURY
2080628610,ACA NEOGEO REAL BOUT FATAL FURY 2
414115213,ACA NEOGEO REAL BOUT FATAL FURY 2
1902061385,ACA NEOGEO REAL BOUT FATAL FURY SPECIAL
418426882,ACA NEOGEO REAL BOUT FATAL FURY SPECIAL
1816942618,ACA NEOGEO RIDING HERO
311788161,ACA NEOGEO RIDING HERO
297019183,ACA NEOGEO ROBO ARMY
1857836962,ACA NEOGEO ROBO ARMY
241082371,ACA NEOGEO SAMURAI SHODOWN
1642970638,ACA NEOGEO SAMURAI SHODOWN
922642042,ACA NEOGEO SAMURAI SHODOWN II
1969970579,ACA NEOGEO SAMURAI SHODOWN II
1675736902,ACA NEOGEO SAMURAI SHODOWN III
487401027,ACA NEOGEO SAMURAI SHODOWN III
834096794,ACA NEOGEO SAMURAI SHODOWN IV
1641460880,ACA NEOGEO SAMURAI SHODOWN IV
716607571,ACA NEOGEO SAMURAI SHODOWN V
2088120493,ACA NEOGEO SAMURAI SHODOWN V
428977306,ACA NEOGEO SAMURAI SHODOWN V SPECIAL
2066621786,ACA NEOGEO SAMURAI SHODOWN V SPECIAL
573865743,ACA NEOGEO SEGOKU 2
558708272,ACA NEOGEO SENGOKU
1795829038,ACA NEOGEO SENGOKU 2
1887147246,ACA NEOGEO SENGOKU 3
103559008,ACA NEOGEO SENGOKU 3
2118221802,ACA NEOGEO SENGOKU
1987259507,ACA NEOGEO SHOCK TROOPERS
625867999,ACA NEOGEO SHOCK TROOPERS
53958575,ACA NEOGEO SHOCK TROOPERS 2nd Squad
1929840140,ACA NEOGEO SHOCK TROOPERS 2nd Squad
320447882,ACA NEOGEO SOCCER BRAWL
2128212053,ACA NEOGEO SOCCER BRAWL
209206780,ACA NEOGEO SPIN MASTER
2034960541,ACA NEOGEO SPIN MASTER
558961534,ACA NEOGEO STAKES WINNER
1805980747,ACA NEOGEO STAKES WINNER
729334030,ACA NEOGEO STAKES WINNER 2
1944707563,ACA NEOGEO STAKES WINNER 2
537999743,ACA NEOGEO STREET HOOP
1996083615,ACA NEOGEO STREET HOOP
483389840,ACA NEOGEO STRIKERS 1945 PLUS
1765317358,ACA NEOGEO STRIKERS 1945 PLUS
1849488064,ACA NEOGEO SUPER SIDEKICKS
974778520,ACA NEOGEO SUPER SIDEKICKS
300527443,ACA NEOGEO THE KING OF FIGHTERS '94
1993840835,ACA NEOGEO THE KING OF FIGHTERS '94
605012161,ACA NEOGEO THE KING OF FIGHTERS '95
1894757738,ACA NEOGEO THE KING OF FIGHTERS '95
426534329,ACA NEOGEO THE KING OF FIGHTERS '96
1792354766,ACA NEOGEO THE KING OF FIGHTERS '96
419725624,ACA NEOGEO THE KING OF FIGHTERS '97
1710623049,ACA NEOGEO THE KING OF FIGHTERS '97
552749870,ACA NEOGEO THE KING OF FIGHTERS '98
1733288013,ACA NEOGEO THE KING OF FIGHTERS '98
1982472205,ACA NEOGEO THE KING OF FIGHTERS '99
983906598,ACA NEOGEO THE KING OF FIGHTERS '99
420401391,ACA NEOGEO THE KING OF FIGHTERS 2000
1972481531,ACA NEOGEO THE KING OF FIGHTERS 2000
442527816,ACA NEOGEO THE KING OF FIGHTERS 2001
2050978528,ACA NEOGEO THE KING OF FIGHTERS 2001
71300661,ACA NEOGEO THE KING OF FIGHTERS 2002
1902503932,ACA NEOGEO THE KING OF FIGHTERS 2002
678033734,ACA NEOGEO THE KING OF FIGHTERS 2003
1719226996,ACA NEOGEO THE KING OF FIGHTERS 2003
931272630,ACA NEOGEO THE LAST BLADE
650424753,ACA NEOGEO THE LAST BLADE 2
1615298005,ACA NEOGEO THE LAST BLADE 2
1763468342,ACA NEOGEO THE LAST BLADE
610645839,ACA NEOGEO TWINKLE STAR SPRITES
1789981590,ACA NEOGEO TWINKLE STAR SPRITES
436482050,ACA NEOGEO WAKU WAKU 7
1863141182,ACA NEOGEO WAKU WAKU 7
1790138032,ACA NEOGEO WORLD HEROES
662536568,ACA NEOGEO WORLD HEROES
690811594,ACA NEOGEO WORLD HEROES 2
2126018591,ACA NEOGEO WORLD HEROES 2
15605529,ACA NEOGEO WORLD HEROES 2 JET
2028977463,ACA NEOGEO WORLD HEROES 2 JET
1072246689,ACA NEOGEO WORLD HEROES PERFECT
2080705168,ACA NEOGEO WORLD HEROES PERFECT
117254224,ACA NEOGEO ZED BLADE
1927413489,ACA NEOGEO ZED BLADE
309144982,ACA NEOGEO ZUPAPA!
2121102512,ACA NEOGEO ZUPAPA!
1949370509,Acre Crisis
2120764173,Acre Crisis
1874758094,Active Neurons - Puzzle game
1998754076,Active Neurons - Puzzle game
711714069,Agatha Christie - The ABC Murders
2088234021,Agatha Christie - The ABC Murders
1920996408,Age of Wonders 4
1996921369,Age of Wonders 4
701037441,Age of Wonders: Planetfall
1777571402,Age of Wonders: Planetfall
2146092359,Agent Walker: Secret Journey
2097077939,Agent Walker: Secret Journey (Xbox Version)
1954612714,Agriculture (PC Version)
1817929711,Agriculture (Xbox Version)
1993017321,"Ah, Love!"
1858896649,"Ah, Love!"
2055514030,"Ah, Love!"
1942395876,"Ah, Love! Season 2"
1918566348,"Ah, Love! Season 2"
1699515516,"Ah, Love! Season 2"
2099347761,"Ah, Love! Season 3"
2034005685,"Ah, Love! Season 3"
1802195765,"Ah, Love! Season 3"
2127006607,"Ah, Love! Season 4"
1740150872,"Ah, Love! Season 4"
1746549534,"Ah, Love! Season 4"
2114143751,Akatsuki: Lord of the Dawn
2044163460,Akatsuki: Lord of the Dawn
1676607943,Akinakes
1616416590,Akinakes
1835342321,Akinakes
615247627,Alan Wake
1297287173,Alan Wake
1765947167,Alan Wake
2004931484,Alan Wake's American Nightmare
616610555,Alan Wake's American Nightmare
1480659507,Alan Wake's American Nightmare
1699651320,Alex the Rabbit
1916483299,Alex the Rabbit
1789844462,Alex the Rabbit
1916018807,Alien Cat Story
1728625663,Alien Cat Story
1942567625,Alien Cat Story
1115757811,Alien: Isolation
1736454335,Alien: Isolation
1765700925,Almost My Floor
1730335163,Almost My Floor
1991230055,Alpacapaca Dash
1725954584,Alpacapaca Dash
1804940594,Alpacapaca Dash 2
1777869653,Alpacapaca Dash 2
1630011666,Alpacapaca Double Dash
1873753548,Alpacapaca Double Dash
2099190035,Alpacapaca Double Dash
1986763991,Alveole
1968314095,Alveole
1943759197,Aly The Alligator in Space Trouble
2064987370,Aly The Alligator in Space Trouble
1698247129,Aly The Alligator in Space Trouble
1625396894,Amazecards
1658660555,Amazecards
1816446207,Amazecards
1825178508,Amazing Superhero Squad
1902572849,Amazing Superhero Squad
1671043316,Ancient Ants Adventure
1896977997,Ancient Ants Adventure
1691093219,Ancient Ants Adventure
1740207992,Andromeda Survivors
1655595028,Andromeda Survivors
2082514516,Angry Birds Star Wars
2083677020,Angry Birds Star Wars
2051053927,Anomaly Hunter: Observation Duty
1633058327,Anomaly Hunter: Observation Duty
1857799800,Anubis Dungeon
1874764956,Anubis Dungeon
2060591945,Anubis Dungeon
1737957137,Apocryphoid
2073727895,Apocryphoid
2105395937,Apocryphoid
1764162852,AQUADREAM
1636486177,AQUADREAM
2087906718,Aquarun
2106029435,Aquarun
1776785850,Arkan: The dog adventurer
1923733347,Arkan: The dog adventurer
1642659407,Around The World in 80 Days: Hidden Objects
1805166450,Around The World in 80 Days: Hidden Objects
1660373251,Around The World in 80 Days: Hidden Objects
1643426019,Arrowstorm Ascendant
1750907211,Arrowstorm Ascendant
2010315342,Astro Adventure: Core Hunt
2054014906,Astro Adventure: Core Hunt
1970081113,Astro Adventure: Core Hunt
1903637795,Astro Flame Starfighter
1865619206,Astro Flame Starfighter
1931314313,Atelier Yumia: The Alchemist of Memories & the Envisioned Land
1744435907,Atelier Yumia: The Alchemist of Memories & the Envisioned Land
2058605218,Attack of the Toy Tanks
1878010125,Attack of the Toy Tanks
1783996242,Avatar: Frontiers of Pandora
1682363458,Avatar: Frontiers of Pandora
2140987130,Awakening the Charge
1848898466,Awakening the Charge
1769444102,Awakening the Charge
2036239261,Awesome Pea 3
2031086475,Awesome Pea 3
2005620545,Awesome Pea 3
1662748361,Axobubble
2023942686,Axobubble
1899542897,Axobubble
2065801532,AXONVOLT
1725553139,AXONVOLT
2122284384,AXONVOLT
2015012841,Bad North: Jotunn Edition
634298669,Bad North: Jotunn Edition
1839029337,BADLAND: Game of the Year
1152151422,BADLAND: Game of the Year
1833100190,Baldur's Gate: Dark Alliance II
1977567110,Baldur's Gate: Dark Alliance II
1638157396,Balloball - Ribbit & Rescue
1943048540,Balloball - Ribbit & Rescue
1778964678,Balloball - Ribbit & Rescue
1772059556,Ballotron
1653039105,Ballotron
1618019161,Ballotron Coolbox
1630676646,Ballotron Coolbox
1795036563,Ballotron Galaxy
1895683438,Ballotron Galaxy
1780001013,Ballotron Galaxy
1869321523,Ballotron Oceans
1643697302,Ballotron Oceans
1738627078,Bananitro
2089082445,Bananitro
2043437627,Bananitro
2052741966,Bandits On West
2114729341,Bandits On West
1654112265,Bandits On West
1781230716,Barkside Roads
1721120323,Barkside Roads
1735614356,Barkside Roads
2097665690,Bastion Break
1945349926,Bastion Break
1937659838,Bastion Break
1952300170,Battlefield™ 2042
2106872096,Battlefield™ 2042
1737916926,Bay Breaker
1922642750,Bay Breaker
1890709531,Bay Breaker
1785218274,BEAR ESCAPE MISSION
1974424139,BEAR ESCAPE MISSION
1927567306,BEAR ESCAPE MISSION
1965076433,Bear Knight Honey Quest
1634873070,Bear Knight Honey Quest
1628735149,Bear Knight Honey Quest
1926846922,Bear Mage Honey Sage
2093711644,Bear Mage Honey Sage
1936375555,Bear Mage Honey Sage
1723892556,Bear Squire Honey Journey
1793344464,Bear Squire Honey Journey
1870087215,Bear Squire Honey Journey
1774256665,Beat of Montezuma
1624781891,Beat of Montezuma
1834315926,Beautiful Sakura: Fashion Club
2081405391,Beautiful Sakura: Fashion Club
2139111044,Beautiful Sakura: Fighting Club
2142468457,Beautiful Sakura: Fighting Club
2005330027,Beautiful Sakura: Fighting Club
2074299699,Beautiful Sakura: Fitness Club
2081352224,Beautiful Sakura: Fitness Club
1685830632,Beautiful Sakura: Football Club
1671961498,Beautiful Sakura: Football Club
1772771071,Beautiful Sakura: Football Club
1611175987,Beautiful Sakura: Racing Club
1731966120,Beautiful Sakura: Racing Club
1755765217,Beautiful Sakura: Racing Club
1777486086,Beautiful Sakura: Running Club
1773544303,Beautiful Sakura: Running Club
1911195926,Beautiful Sakura: Surfing Club
1701591001,Beautiful Sakura: Surfing Club
1817173057,Beautiful Sakura: Surfing Club 2
2109383928,Beautiful Sakura: Surfing Club 2
1836853409,Beautiful Sakura: Surfing Club 2
1674161494,Beautiful Sakura: Volleyball Club
2029173027,Beautiful Sakura: Volleyball Club
2127399021,Beautiful Sakura: Volleyball Club 2
1739810420,Beautiful Sakura: Volleyball Club 2
2074980389,Beautiful Sakura: Volleyball Club 2
2113490163,Bee Flowers
1657573799,Bee Flowers
1711597179,Bee Flowers: Royal Garden
2028720830,Bee Flowers: Royal Garden
2129301615,Bee Flowers: Royal Garden
1623175865,Bee Flowers: Save the Garden
1727042316,Bee Flowers: Save the Garden
1696098157,Bee Flowers: Save the Garden
1729381234,Beetle Shock
1615723224,Beetle Shock
2064872888,Beetle Shock
1805921461,Behind Closed Doors: A Developer's Tale
1646901896,Behind Closed Doors: A Developer's Tale
1663573292,Bendy and the Dark Revival
1798776797,Bendy and the Dark Revival
337857707,Bendy and the Ink Machine
2049111049,Bendy and the Ink Machine
1895665603,Beyond Border
1626084065,Beyond Border
1882814863,Beyond Doors
2142029144,Beyond Doors
1650506141,Beyond Doors
1847723955,Billiards City: 8 Ball Pool
1888286631,Billiards City: 8 Ball Pool
1612082944,Billy’s Game Show
2109727492,Billy’s Game Show
2091385627,Bippo Bot
2082960666,Bippo Bot
1808663356,Bippo Bot
402049843,Black Desert
2004071321,Black Desert
366165352,Blacksad - Under the Skin
2039195750,Blacksad - Under the Skin
1535814857,BLADESTORM: Nightmare
1475467792,BLADESTORM: Nightmare
1978100872,Blind Postman
1749109669,Blind Postman
1841011808,Blizzard® Arcade Collection
2000221001,Blizzard® Arcade Collection
2088197793,Block Tower TD
2066959475,Block Tower TD
1765782859,Block Tower TD 2
1669165537,Block Tower TD 2
2062694112,Block Tower TD 2
2040663252,Blockon
1853124234,Blockon
2127556814,Blockon
1668781454,Blocky Blast
2018808087,Blocky Blast
1811215859,Blocky Blast
1806285135,Blocky Farm
1747714306,Blocky Farm
1864246714,Blood Waves
1937934563,Blood Waves
1952427486,Bloodstained: Ritual of the Night
2079904709,Bloodstained: Ritual of the Night
2028861406,Bobobby 3D: Stranded Rush
2084844297,Bobobby 3D: Stranded Rush
1722069710,Bobobby 3D: Stranded Rush
2034968114,Bomb Bowling X
2067577252,Bomb Bowling X
1941549925,Bomb Bowling X
1628633063,Bomboban
1765162082,Bomboban
1958117717,Bomboban
1839403227,BombPaws
1831080014,BombPaws
2022959529,BombPaws
1655333131,Bone Marrow 2
1756297017,Bone Marrow 2
1960553446,Bone Marrow 2
2130790495,Bonk 'N Bash
1668063217,Bonk 'N Bash
1959362900,Bonk 'N Bash
1927208488,Book It!
1768975758,Book It!
1683602618,Book It!
1695618656,Book of Demons
1765276407,Book of Demons
1845916931,Bool Capture
2037324694,Bool Capture
1671298933,Bool Capture
2040810853,Boomerforge
2036295031,Boomerforge
1756283393,Boomerforge
2003969848,Borderlands
1414793191,Borderlands
678953862,Borderlands 2
1414793340,Borderlands 2
1204533074,Borderlands 2
2092220937,Borderlands 3
756981192,Borderlands 3
2040112121,Boss Rush: Mythology
1779773031,Boss Rush: Mythology
1691874317,Boss Rush: Mythology
1782830545,BOUNCY BREAD
1817035033,BOUNCY BREAD
1770279838,BOUNCY BREAD
1701558797,Boundland
1621106631,Boundland
1783499523,Boundland
1618299538,Boxed Beasts
1896669689,Boxed Beasts
2031963723,Boxed Beasts
2083232660,Boxes Wizard
1845803335,Boxes Wizard
1723357806,Boxes Wizard
1936984541,Brain Storm: Tower Bombarde
1884066687,Brain Storm: Tower Bombarde
2026573491,Bravion
1765406083,Bravion
1739440108,Bravion
1668214490,BREAKING BRICKS
2132709045,BREAKING BRICKS
1751295845,BREAKING BRICKS
1785205851,Bridge Constructor
465277350,Bridge Constructor
1880653152,Bright Lights of Svetlov
1612357248,Bright Lights of Svetlov
232457702,Broken Age
1618263033,Broken Age
73782745,Brothers: a Tale of Two Sons
2076592900,Brothers: a Tale of Two Sons
1629702349,Buddy Garden
1828672240,Buddy Garden
1831505036,Buddy Garden
2028181294,Buildest
2070261881,Buildest
1618115231,Bullet Beat
2078016900,Bullet Beat
1971962800,Bunninjutsu
2063001025,Bunninjutsu
1904033271,Bunninjutsu
2110590329,Bunny Crunch
1948747389,Bunny Crunch
1842205605,Bunny Crunch
1908871844,Bunny Parking
2029804115,Bunny Parking
1717202576,Bunny Pit Berry
1830128377,Bunny Pit Berry
1944733079,Bunny Pit Berry
2142075035,Bunny Pit Stop
1632400759,Bunny Pit Stop
2058805050,Bunny Pit Stop
2121714295,Bunny Pit Stop: Vegas Rush
1836648015,Bunny Pit Stop: Vegas Rush
1861130054,Bunny Pit Stop: Vegas Rush
1675322677,Burn in Health
2079467795,Burn in Health
1901508105,Burn in Health
1794898448,Bus Driver Simulator
2078399190,Bus Driver Simulator
1643334678,Bus Stop Shuffle
1793480330,Bus Stop Shuffle
1611785126,Bus Stop Shuffle
1955736581,Butterfly
1633674805,Butterfly
2051749659,Butterfly 2
1762067709,Butterfly 2
1650593751,Calico
1772239384,Caligo
1664492743,Call of Duty®: Black Ops II
2101621133,Call of Duty®: Black Ops II
1790482525,Call of Duty®: Black Ops Cold War
1882659430,Call of Duty®: Black Ops Cold War
796798669,Call of Duty®: Infinite Warfare
754791096,Call of Duty®: Infinite Warfare
2154930,Call of Duty®: Modern Warfare® Remastered
649881449,Call of Duty®: Modern Warfare® Remastered
1764318423,Call of Duty®: Vanguard
1929807318,Call of Duty®: Vanguard
145221391,Call of Duty®: World at War
1824708710,Call of Duty®: World at War
545844082,Call of Duty®: WWII
140280380,Call of Duty®: WWII
1852853299,Call of Duty®: WWII
1673223107,Call of the Sea
1721889204,Call of the Sea
1889266289,Calyssa
1939777019,Calyssa
1863638905,Calyssa
2020006421,Candy Trail
1805535332,Candy Trail
1684099332,Candy Trail
1741366534,Candylands Journey
2039771416,Candylands Journey
1735433559,Capy Spa
2009264340,Capy Spa
1975971367,Capy Spa
1729947285,Capybara Goes to Space
1781562419,Capybara Goes to Space
2072505660,Capybara Goes to Space
1724411039,Card Storm Idle
2115124995,Card Storm Idle
1898707353,Card Storm Idle
1772361619,Carrot Crusade - Mimika's Reckoning
1713766289,Carrot Crusade - Mimika's Reckoning
1762233576,Carrot Crusade - Mimika's Reckoning
1653043226,Carrot Smash
2093934312,Carrot Smash
1959977695,Carrot Smash
1768097848,Carto
1788708666,Carto
2143478632,Castle of Monsters: The Last Knight
1950909933,Castle of Monsters: The Last Knight
2048641965,Castle of Monsters: The Last Knight
2144835387,Castle of no Escape
1973950513,Castle of no Escape
1973612237,Castle of no Escape 2
1986689469,Castle of no Escape 2
2027163640,Castle Walker
1897474813,Castle Walker
1681516402,Cat and Ghostly Road
1893281647,Cat and Ghostly Road
1700131175,Cat and Ghostly Road
1640965998,Cat in Rain
1757862533,Cat in Rain
1676808749,Cat in Rain
1705970858,Cat in the Box
1740207095,Cat in the Box
2085189195,Cat in the Box
1983830462,Cat’s Request
1873547594,Cat’s Request
1714744209,Catacomb Master
1814039358,Catacomb Master
2054164358,Catnigma
1780478592,Catnigma
1793953524,Catnigma
1802087394,Cats With Guns
2117573270,Cats with Guns
2127843156,Catty & Batty: The Spirit Guide
1876833232,Catty & Batty: The Spirit Guide
2058710101,Caveman Trials
2102276895,Caveman Trials
1948904222,Caveman Trials
1658699936,Check and Slash
2103363931,Check and Slash
1811463896,Cherry Tower
1727340622,Cherry Tower Series X|S
1820769498,Chicken Rescue
1982108313,Chicken Rescue
1672675093,Chicken Rescue
1668385190,Chico's Delivery
1969900681,Chico's Delivery
1658611962,Chico's Delivery
1749856679,Chippy's Stash
1666847431,Chippy's Stash
1972973669,Chippy's Stash
1993552093,Choice of Life: Middle Ages
1881833773,Choice of Life: Middle Ages
2136590033,Cinderscratch
1623970936,Cinderscratch
2003436578,Cinderscratch
1777046800,Cipher Monk
2031143591,Cipher Monk
2143923367,Cipher Monk
1633343575,Cipher Monk: Ancient Calculus
2041544227,Cipher Monk: Ancient Calculus
1883148091,Cipher Monk: Ancient Calculus
1951821095,Cities: Skylines II
1668430766,Cities: Skylines II
1963865580,Claim the Forest
2123754072,Claim the Forest
2031425043,Claim the Forest
1718024806,Claim the Forest: Settling Peace
1973388330,Claim the Forest: Settling Peace
2036050990,Claim the Forest: Settling Peace
1648806031,Claim the Forest: Shape of Wolves
1783252152,Claim the Forest: Shape of Wolves
2129113905,Claim the Forest: Shape of Wolves
1622578827,Clockwork Blackout
1642364500,Clockwork Blackout
1918259419,Clockwork Blackout
761852503,Clockwork Tales: Of Glass and Ink
1762466594,Clockwork Tales: Of Glass and Ink
1893507123,Clockwork Tales: Of Glass and Ink
1855056325,Cloud to Gold
1675162155,Cloud to Gold
1762384159,Cloud to Gold
1980358797,Cloudpunk
1839636294,Cloudpunk
206503430,Clustertruck
1643550436,Clustertruck
1936671821,CODE VEIN
793598300,CODE VEIN
1904590412,Cold Silence
1761610960,Cold Silence
1724133517,Collie Call
2002349821,Collie Call
1641287197,Collie Call
1709128124,Collie Call: Farm of Tomorrow
2134049853,Collie Call: Farm of Tomorrow
1737711768,Collie Call: Farm of Tomorrow
1829995771,Collie Call: The Future is Calling
1997864377,Collie Call: The Future is Calling
1915028166,Collie Call: The Future is Calling
1950416460,Colorful Boi
1953800252,Colorful Boi
2066298402,Colorful Boi 2
1756633146,Colorful Boi 2
1731646493,Colorful Boi 2
1917867997,Colorful Recolor
1753004612,Colorful Recolor
2109036916,Colorful Recolor
2081441840,ComputerHead: Leapbound
1653613745,ComputerHead: Leapbound
1959694083,ComputerHead: Leapbound
1817740879,ComputerHead: Recoil
1619365016,ComputerHead: Recoil
1964470025,ComputerHead: Recoil
1738930252,ComputerHead: Springloaded
1834097862,ComputerHead: Springloaded
1824458896,ComputerHead: Springloaded
951560105,Control
2107339353,Control
1781344339,Control
1848099521,Cookie’s Trails
1937569202,Cookie’s Trails
1757977212,Cookie’s Trails
1989637637,Cooking Simulator
1843804163,Cooking Simulator
1625662894,Cosmic Mirage
1864771741,Cosmic Mirage
1996605201,Cosmic Mirage
1888416582,Countryside Farm Clues
1918389229,Countryside Farm Clues
2033667590,Countryside Farm Clues
1692643519,Cowboys
1884622989,Cowboys
1930946558,Cowboys
1966370028,Crabwave
1871562207,Crabwave
1837608718,Crabwave
2137208120,Crate Fang
2039112256,Crate Fang
1699928394,Crate Fang
2074622046,Crazy Cats vs. Crazy Cyborgs
1684304507,Crazy Cats vs. Crazy Cyborgs
1793068898,Crazy Cats vs. Crazy Cyborgs
2065297041,Creepy Tale: Ingrid Penance
2002423005,Creepy Tale: Ingrid Penance
1990314084,Creepy Tale: Ingrid Penance
1650388856,Creepy Tale: Some Other Place
1851020436,Creepy Tale: Some Other Place
1865956345,Creepy Tale: Some Other Place
1620274602,Cricket 19
1709106662,Cricket 19
1752465209,Crime Secrets: Crimson Lily
1879447278,Crime Secrets: Crimson Lily
1724538394,Cris Tales
1971702433,Cris Tales
1766171641,Croc's World
1916543336,Croc's World
2110360879,Croc's World 2
1763402795,Croc's World 2
1687740829,Croc's World 3
1886383393,Croc's World 3
2029827944,Croc's World Run
1980793569,Croc's World Run
1906143168,Crusader Kings III
1768081511,Crusader Kings III
1705139809,CrushBorgs
1753293863,CrushBorgs
1735754897,CrushBorgs
1902109674,Crystal Ball of Firmament
1713520781,Crystal Ball of Firmament
2001662315,Crystal Ball of Firmament
1816542854,Crystal Veins
2001337102,Crystal Veins
1974281696,Crystal Veins
1948002255,Cubey: Blockbyte
1825390824,Cubey: Blockbyte
1759662919,Cubey: Blockbyte
1865695529,Cubey: Hexfall
2027314402,Cubey: Hexfall
1926246519,Cubey: Hexfall
1736946918,Cuboy Adventure
2011480872,Cuboy Adventure
1787662867,Cuboy Adventure
1802226567,Curious Copy Cats
2134518491,Curious Copy Cats
1680691785,Curious Copy Cats
1914646696,Curse of the Dead Gods
2041076002,Curse of the Dead Gods
1783762463,Cut The Rope
2100220983,Cut The Rope
1880108811,Cute Astro
1838054999,Cute Astro
1846898884,Cute Astro
2051647210,Cute Bonfire
1950579327,Cute Bonfire
1982928748,Cute Bonfire
1797942867,Cyber Lab
1615078623,Cyber Lab
1948090626,Cyber Lab
1716226310,Cyber Tank
1865117547,Cyber Tank
1720909720,Cyber Tank
1739485516,Cyber Tank 2
1772647125,Cyber Tank 2
2011972679,Cyber Tank 2
1647209308,Cyber Tank Nano
2099460813,Cyber Tank Nano
1916659976,Cyber Tank Nano
1632763115,Cybertrash STATYX
2017850279,Cybertrash STATYX
2000948170,DAEMORGEN: Dawn of Demons
1650152885,DAEMORGEN: Dawn of Demons
1656813237,DAEMORGEN: Dawn of Demons
1868671748,Damways
2105541844,Damways
1808130547,Damways
1838540786,Danger Gazers
1787520021,Danger Gazers
1919539149,Danger!Energy
1944583825,Danger!Energy
2137978746,Daniel in Danger
1664736696,Daniel in Danger
1929985407,Daniel in Danger
1976716742,Dark Arcana: The Carnival
610006706,Dark Arcana: The Carnival
1643246182,Dark Burial: Enhanced Edition
2011748419,Dark Burial: Enhanced Edition
1925317786,Dark Dungeon Mind Mess
1679089415,Dark Dungeon Mind Mess
1777264343,Dark Dungeon Mind Mess
1750090684,Dark Elven Legacy
1698720748,Dark Elven Legacy
1919541930,Dark Grim Mariupolis
1954835393,Dark Grim Mariupolis
1932502236,DARKGEMS
1617210035,DARKGEMS
1934165017,DARKGEMS
2038696401,Daymare: 1994 Sandcastle
1734943461,Daymare: 1994 Sandcastle
821136798,DC Universe Online
1632796682,DC Universe Online
810101074,Dead Cells
1622132960,Dead Cells
1872065352,Dead Dungeon
1869817076,Dead Dungeon
1618089984,Dead Ground
2035267301,Dead Ground
783973363,Dead Island 2
1724847740,Dead Island 2
2044930754,Dead Space
1161889879,Dead Space
964785867,Dead Space™ 2
1161890137,Dead Space™ 2
1161890015,Dead Space™ 2
840545531,Dead Space™ 3
1161890205,Dead Space™ 3
2027027841,Debtor: Enhanced Edition
1744604493,Debtor: Enhanced Edition
1747417205,Deep Combat
1651856348,Deep Combat
1652239449,Deep Combat
1889204779,Deep Space Anomaly
2076035758,Deep Space Anomaly
1946661047,Delivery of Us
1613018343,Delivery of Us
1892943931,Delivery of Us
2026592834,Demon Hunter: Chronicles from Beyond
1670197494,Demon Hunter: Chronicles from Beyond
1918582545,Demon Hunter: Chronicles from Beyond
382896606,Desperados III
2070086965,Desperados III
1953112358,Despicable Me: Minion Rush
1620101729,Despicable Me: Minion Rush
893913056,Destroy All Humans! (2005)
2123860928,Destroy All Humans!
106901580,Destroy All Humans!
577546632,Destroy All Humans! (2005)
1680662849,Destroy All Humans! 2 - Reprobed
2130889323,Destroy All Humans! 2 - Reprobed
1628098590,Destroy All Humans! 2 - Reprobed
1648092060,Detective From The Crypt
1988420517,Detective From The Crypt
1089570315,Devil May Cry 4 Special Edition
490701180,Devil May Cry 4 Special Edition
988647364,Devil May Cry 4 Special Edition
1830255060,Dice Assassin
1857279925,Dice Assassin
2105103483,Dino Escape
2029024541,Dino Escape
1711880023,Dino Escape
1902915650,Dino Hex Trap
2120153057,Dino Hex Trap
1626764682,Dino Hex Trap
415563833,DiRT Rally 2.0
1636827856,DiRT Rally 2.0
527255540,Dishonored 2
1756491555,Dishonored 2
1100121502,Dishonored® Definitive Edition
1627819535,Dishonored® Definitive Edition
137510457,Dishonored®: Death of the Outsider™
1805483741,Dishonored®: Death of the Outsider™
836467065,Disney Infinity 3.0
153292310,Disney Infinity 3.0
2057005378,Do You Really Know About Soccer?
1806301166,Do You Really Know About Soccer?
1961161944,Do You Really Know About Soccer?
2144573002,Doctor Cat
1764157412,Doctor Cat
667003203,Dogos
448826978,Dogos
2013511408,DOOM Eternal (BATTLEMODE)
331135949,DOOM Eternal (BATTLEMODE)
2078926688,DOOM II (Classic)
1480657334,DOOM II (Classic)
1782579390,DPS Idle
1682154324,DPS Idle
1713885313,DPS IDLE 2
1775878547,DPS IDLE 2
1612478778,Dr Parking 4
2006113261,Dr Parking 4
1993866708,Dr Parking 4
2133959666,Dr. Atominus
2113013336,Dr. Atominus
1921797214,Draconic Resurgence
1616508011,Draconic Resurgence
2071863914,Draconic Resurgence
2006589220,DRAGON BALL FIGHTERZ
15959542,DRAGON BALL FIGHTERZ
2053862473,Dragon Snack
1914393512,Dragon Snack
1626229535,Dragon Snack
2010935827,Dragon Snack: From Ice to Ember
1649708833,Dragon Snack: From Ice to Ember
2141077076,Dragon Snack: From Ice to Ember
2091994973,Draw a Stickman: EPIC 2
1853020483,Draw a Stickman: EPIC 2
1705419305,Dual Bunnies
1927698782,Dual Bunnies
2012256005,Dual Bunnies
1698843377,DUAL PATHS
2084625174,DUAL PATHS
1988543784,DUAL PATHS
1912501027,Duck Run
1771426972,Duck Run
1729123469,Ducky Dash
1710086859,Ducky Dash
2098741842,EA SPORTS FC™ 24
1852502655,EA SPORTS FC™ 24
1882096658,EA SPORTS FC™ 25
1653663875,EA SPORTS FC™ 25
1852068331,EA SPORTS FC™ 26
1909324253,EA SPORTS FC™ 26
1675858627,EA SPORTS FC™ 27
2047118660,EA SPORTS FC™ 27
1994003829,EA SPORTS™ FIFA 23 Standard Edition
2071676002,EA SPORTS™ FIFA 23 Standard Edition
1932269756,Edge of Reality
1842078110,Edge of Reality
1971245161,Edge of Reality
1952405093,Ellphaser
1944617021,Ellphaser
1647455747,Ellphaser
1931870677,Elon and the Divine Proof
1890624967,Elon and the Divine Proof
1725427493,Elon and the Divine Proof
1858655629,Emerald Huntress
1615466439,Emerald Huntress
2017711218,Emerald Huntress
25060965,Energy Cycle
2116707271,Energy Cycle
1785702077,Energy Cycle
1713279767,Energy Cycle Edge
1747970957,Energy Cycle Edge
168505788,Enigmatis 2: The Mists of Ravenwood
2090469885,Enigmatis 2: The Mists of Ravenwood
1813920442,Enigmatis 3: The Shadow of Karkhala
1068137475,Enigmatis 3: The Shadow of Karkhala
438873974,Enigmatis: The Ghosts of Maple Creek
1954004507,Enigmatis: The Ghosts of Maple Creek
2038417803,Enigmatis: The Ghosts of Maple Creek
1830603786,Escape Dash Journey
1650244744,Escape Dash Journey
1735658838,Escape Dash Journey
1756856812,Escape From Crypt
1829523781,Escape From Crypt
1965860022,Escape From Crypt
2071187965,Escape from the Dungeon
1637602284,Escape from the Dungeon
1846808891,Escape from the Dungeon
2012395285,Escape the Abyss
2063026349,Escape the Abyss
1845944662,Escape the Abyss
1765748721,Eventide 2: The Sorcerers Mirror
1732954716,Eventide 2: The Sorcerers Mirror
268499227,Eventide 3: Legacy of Legends
2031858503,Eventide 3: Legacy of Legends
1711026385,Eventide: Slavic Fable
303403679,Eventide: Slavic Fable
1880551454,Eventide: Slavic Fable
1843945719,Exodus: Creepy Time
1832912519,Exodus: Creepy Time
1983964158,Exodus: Creepy Time
1731389490,Explodera
1875356086,Explodera
1962606919,Explodera
1787561869,Faces of Illusion: The Twin Phantoms
1901276232,Faces of Illusion: The Twin Phantoms
1631666106,Faces of Illusion: The Twin Phantoms
1846550336,Factory Escape
1796401317,Factory Escape
1787281857,Fading Clouds
1785683676,Fading Clouds
1702474058,Fading Clouds
2061848789,Fall Asleep
1759301056,Fall Asleep
1726560541,Fall Asleep
1256782258,Fallout 4
2146688994,Fallout 4
332913499,Fallout 76
1753087315,Fallout 76
1676806663,Family Mysteries 2: Echoes of Tomorrow
1622504987,Family Mysteries 2: Echoes of Tomorrow
1838090388,Family Mysteries 3: Criminal Mindset
1880213026,Family Mysteries 3: Criminal Mindset
2018688912,Family Mysteries: Poisonous Promises
1687542728,Family Mysteries: Poisonous Promises
2045720355,Farlands Journey
2057328251,Farlands Journey
1640889440,Farmer Survivors
1846024820,Farmer Survivors
363774594,Farming Simulator 17
1734069370,Farming Simulator 17
136002788,Farming Simulator 19
2046749928,Farming Simulator 19
2031716263,Farming Simulator 19
2090892978,Farming Simulator 22
1880744816,Farming Simulator 22
1977690926,Farming Simulator 25
1766088016,Farming Simulator 25
2057153678,Fear Dog The Bolota Escape
1775113017,Fear Dog The Bolota Escape
1831447685,Fear Dog The Bolota Escape
175755835,Felix The Reaper
1912365934,Felix The Reaper
2144967675,Fennec Fox is Hungry
2061472724,Fennec Fox is Hungry
1625507120,Fennec Fox is Hungry
1761289795,FIFA 21
2137885631,FIFA 21
1808064759,FIFA 22
1847979820,FIFA 22
2066626833,FINAL FANTASY VII REVELATION
1677004965,FINAL FANTASY VII WINDOWS EDITION
2021453818,FINAL FANTASY VIII Remastered
1653694302,FINAL FANTASY VIII Remastered WINDOWS EDITION
2023314060,FINAL FANTASY XII THE ZODIAC AGE
152270586,FINAL FANTASY XII THE ZODIAC AGE
487997863,FINAL FANTASY XIII
1889880451,FINAL FANTASY XIII
1868018491,Find The Cats
2114567052,Find The Cats
1826390129,Find The Cats
2041609242,Find The Cats 2
1664216127,Find The Cats 2
2022302627,Fit and Fry
1918596466,Fit and Fry
1935356319,Fit and Fry
1923724466,Fit and Fry: Mise en Place
1735491386,Fit and Fry: Mise en Place
2035237228,Fit and Fry: Mise en Place
2147124607,Fit And Fry: Organized Chef
1843895310,Fit And Fry: Organized Chef
1685119785,Fit And Fry: Organized Chef
1848301012,Flaskoman
1791966220,Flaskoman
1805134071,FlipCat
2093622667,FlipCat
1892430140,FlipCat
2040660320,Flora's World
1833987400,Flora's World
1926450768,Flora's World
2035989570,Fluffy Milo
1839143466,Fluffy Milo
1676125605,Flying Candy
2067777045,Flying Candy
1731246089,Flying Candy
2025884385,For The King
344311848,For The King
338690930,Forgotton Anne
2066018547,Forgotton Anne
1995223782,Fox Legend
1707037087,Fox Legend
1827873295,Fox Legend
1722584208,FOXES NEED TO EAT
1711326721,FOXES NEED TO EAT
1722298034,FoxWolf Saga
1738465345,FoxWolf Saga
1771024622,FoxWolf Saga
1933930597,Frame Cat
1957922286,Frame Cat
1655767197,Frame Cat
1820379842,Frobbutt 3D
1894972803,Frobbutt 3D
1652387507,Frobbutt 3D
2010003462,Frog Hero DX
1901564989,Frog Hero DX
1913328605,Frog Hero DX
2122656550,Frozen Axe
2018085825,Frozen Axe
2010773599,Frozen Axe
1856401271,Frozen Gauntlet
2143296226,Frozen Gauntlet
1690172627,Frozen Rune
1857674362,Frozen Rune
1724329827,Frozen Rune
2004076451,Fruit Adventure
1741490588,Fruit Adventure
1864738769,Fruit Adventure
1881743193,Fruit Adventure Returns
1670249614,Fruit Adventure Returns
1724850380,Fruit Adventure Returns
1661926832,Fusion Paradox
1915513891,Fusion Paradox
2053040412,Fusion Paradox
1769451351,Gabriels Worlds The Adventure
1913752842,Gabriels Worlds The Adventure
1643768709,Gabriels Worlds The Adventure
1917190010,Gabriels Worlds The Sokoban Adventure
1622515949,Gabriels Worlds The Sokoban Adventure
2010101712,Gabriels Worlds The Sokoban Adventure
1901524420,Galactic Loader
1810736784,Galactic Loader
2119664712,Galactic Loader
1961460766,Galaxy Kingdoms
2008076188,Galaxy Kingdoms
1720478789,Gas Station Simulator
1696603875,Gas Station Simulator
1867674064,GearDude
1944974388,GearDude
1818298100,GearDude
1475571605,Gears of War: Ultimate Edition
1751973977,Gears of War: Ultimate Edition
1480660051,Geometry Wars™ 3: Dimensions Evolved
945174237,Geometry Wars™ 3: Dimensions Evolved
1903519445,Get Them Out!
1824839480,Get Them Out!
1678522775,Ghost of a Tale
518374761,Ghost of a Tale
1763404285,Gnardo back Home
2021646395,Gnardo back Home
1669557413,Gnardo back Home
1901326326,Goat Out Of Hell
1926555180,Goat Out Of Hell
2076934154,Goat Out Of Hell
1614071168,Goat Out Of Hell: Lost Pets
1800407244,Goat Out Of Hell: Lost Pets
2090106878,Goat Out Of Hell: Lost Pets
791545701,Goat Simulator
1480660120,Goat Simulator
1696012554,Goat Simulator
1774692913,Goat Simulator 3
1922283524,Goat Simulator 3
2058706507,Goblin Gold Hunt
1743438450,Goblin Gold Hunt
1665690860,Goblin Gold Hunt
1984588613,Godsvivors
1772606443,Godsvivors
2118176904,GOLDEN TRAVERSE
1819337245,GOLDEN TRAVERSE
1834348602,GOLDEN TRAVERSE
1871617186,Golem Lights
2008291701,Golem Lights
1686521207,Golem Lights
1965142613,Golf With Your Friends
1855217179,Golf With Your Friends
1927438326,Goodwill Scrolls
1947806444,Goodwill Scrolls
1959258621,Goodwill Scrolls
1913689330,GOST of Time
1666502483,GOST of Time
1884601303,Grab 50 Coins
1778191394,Grab 50 Coins
1780561322,Grab 50 Coins
1778348973,Grand Theft Auto V
1050025307,Grand Theft Auto V
972249091,Grand Theft Auto V
1815914144,Grand Theft Auto V
2101636955,Grand Theft Auto V
1610681612,Grand Theft Auto: San Andreas
2130408740,Grand Theft Auto: San Andreas
1414793400,Grand Theft Auto: San Andreas
1620899310,Gravebound Dash
1782993166,Gravebound Dash
1937071405,Gravebound Dash
1610689696,Gravity Escape From The Maze
1651275231,Gravity Escape From The Maze
1623427328,Gravity Paws
1802816407,Gravity Paws
1704302200,Gravity Paws
1963174058,Green Hell
1949704395,Green Hell
2021421406,Green Soldiers Heroes
1953035485,Green Soldiers Heroes
1871806006,Grief like a stray dog
1624955999,Grief like a stray dog
1614014311,Grief like a stray dog
1991431474,Grim Idle
1984491277,Grim Idle
930854245,Grim Legends 2: Song of the Dark Swan
2098595048,Grim Legends 2: Song of The Dark Swan
2114871458,Grim Legends 3: The Dark City
373947424,Grim Legends 3: The Dark City
1666980140,Grim Legends: The Forsaken Bride
275687140,Grim Legends: The Forsaken Bride
2106549037,Grim Legends: The Forsaken Bride
1759027413,Grim Legends: The Forsaken Bride
2088402277,Grimoire of Domance
2000142592,Grimoire of Domance
1617526192,Grimoire of Domance
1879356098,Grizzly Bear is Hungry
1721745092,Grizzly Bear is Hungry
1871641137,Grizzly Bear is Hungry
1898614433,Groaky Must Jump
1920951140,Groaky Must Jump
2134808493,Groaky Must Jump
1896946960,Guardian of the Water Altar
1909207367,Guardian of the Water Altar
1787047192,Guardian of the Water Altar
1895433153,Habitat Shapes
1763286098,Habitat Shapes
1813853909,Habitat Shapes
1891096259,Habitat Shapes: The Tropical Journey
1772335526,Habitat Shapes: The Tropical Journey
2129191113,Habitat Shapes: The Tropical Journey
682562723,Halo: Spartan Assault
1941986744,Halo: Spartan Assault
1144039928,Halo: The Master Chief Collection
812065290,Halo: The Master Chief Collection
1866664214,HAMVENTURE
1666980919,HAMVENTURE
1668145960,Happi Basudei
1952949687,Happi Basudei
859843286,Hellblade: Senua's Sacrifice
1785862913,Hellblade: Senua's Sacrifice
1735883866,Herd Dispatch
1976463702,Herd Dispatch
1905537131,Herd Dispatch
1713009181,Hero Survival
1999750424,Hero Survival
1686494491,Hero Survival
1821283266,Hex Cats
1969251662,Hex Cats
1840654547,Hex Cats
1924006800,Hex Park
2015865924,Hex Park
1963071047,Hex Park
2098333090,Hexa Chippy
1863037862,Hexa Chippy
1831964089,Hexa Chippy
2092806113,Hexfire Witch
1811129580,Hexfire Witch
2048688428,Hexfire Witch
1931545935,Hidden Depths
1988528029,Hidden Depths
1955196528,Hidden Depths
1836720139,Higgs Boson: Puzzle Collection
1867425646,Higgs Boson: Puzzle Collection
2108319895,Higgs Boson: Puzzle Collection
2073350575,Hollowgrace
1803856714,Hollowgrace
1883208246,Hollowgrace
1666334166,HoneyLand
2145967091,HoneyLand
1638732917,HOP'N'HOARD
1862103007,HOP'N'HOARD
1754094418,HOP'N'HOARD
2063745237,Hummingbird Garden
2009647441,Hummingbird Garden
1770029866,Hummingbird Garden
2146625627,Hunahpu Quest. Mechanoid
1809101363,Hunahpu Quest. Mechanoid
1888668566,Hunahpu Quest. Mechanoid
1841062643,Hunt: Showdown 1896
1926053898,Hunt: Showdown 1896
1870106675,Hunter Assassin
2137794989,Hunter Assassin
1660075534,Hunting Simulator 2
2010890559,Hunting Simulator 2
1715426744,Hyper Panda
1828499225,Hyper Panda
1717506221,I Think I Saw a Kitten
1624948834,I Think I Saw a Kitten
1805950549,I Think I Saw a Kitten
2014034809,I Wanna Be Car
1645849823,I Wanna Be Car
2081776236,I Wanna Be Car
2069086984,I Want To Go To Mars
1902280513,I Want To Go To Mars
1986217968,"I, AI"
2058044275,"I, AI"
1856807409,IceLine
1701003819,IceLine
1714846648,Icy Gifts
1634954007,Icy Gifts
1910949734,Icy Gifts
2073023086,Icy Gifts 2
1933871594,Icy Gifts 2
1955359934,Icy Gifts 2
2005346857,Idle Wizard
1678225803,Idle Wizard
1970667393,Immortal Realms: Vampire Wars
1717134406,Immortal Realms: Vampire Wars
1673051522,Immunuzzle
1678758159,Immunuzzle
1718383316,Immunuzzle
2062963051,In rays of the Light
1914145805,In rays of the Light
1950367076,In rays of the Light
1638021788,Independence Day Festive Finds
1993396996,Independence Day Festive Finds
1784534288,Independence Day Festive Finds
2136359198,Infernitos
1992463205,Infernitos
1851919313,Infernitos: Fiery Dishes
1753617748,Infernitos: Fiery Dishes
1679388877,Infernitos: Fiery Dishes
1464993833,Injustice: Gods Among Us
218079485,Injustice: Gods Among Us
1703750979,Island Trouble
1807793173,Island Trouble Series X|S
2076638589,Island Trouble Windows
2012691001,Jelly Math
2009586749,Jelly Math
2007294646,Jelly Math
1921103944,Jewel Fever
1761650717,Jewel Fever
1794257863,Jewel Fever 2
1681999465,Jewel Fever 2
1884472513,Jewel Hunter : Lost Temple
1730353350,Jewel Hunter: Lost Temple
1881479889,Journey of Johann: Castle Crusade
1885897780,Journey of Johann: Castle Crusade
2012897078,Journey of Johann: Castle Crusade
1653436790,Journey of Johann: Cave Explorer
1774224910,Journey of Johann: Cave Explorer
1636344728,Journey of Johann: Cave Explorer
2051835217,Journey of Johann: Grasslands
2002744916,Journey of Johann: Grasslands
1869834098,Journey of Johann: Grasslands
1625437313,Journey of Johann: Snowy Mountain
1878145682,Journey of Johann: Snowy Mountain
1989882765,Journey of Johann: Snowy Mountain
2004666712,Journey To The Savage Planet: Employee Of The Month
2013183016,Journey To The Savage Planet: Employee Of The Month
1922567975,Jungle Shoot
1976713944,Jungle Shoot
1748044280,Jungle Shoot
2008180914,Jurassic Differences
2142151190,Jurassic Differences
1775420643,Jurassic Differences
1723497344,Just a Little Purr Suit
1656041877,Just a Little Purr Suit
1981325639,Just a Little Purr Suit
2057958746,Just Dance® 2021
1855729960,Just Dance® 2021
2121049988,Just Dance® 2021
1396901880,Kane & Lynch 2
150646593,Kane & Lynch 2
1995913309,Katamari Damacy REROLL
1721223782,Katamari Damacy REROLL
2131642097,Katana ZERO
1869923276,Katana ZERO
1763288985,Keypybara
2026758005,Keypybara
2083101616,Keypybara
1674456432,KEYQUACK Quest
2097225130,KEYQUACK QUEST
1841603397,KEYQUACK QUEST
2088669511,King's Justice
1696056657,King's Justice
1895665547,King's Justice
1712798001,King Slime in Cashtle
1786173308,King Slime in Cashtle
2094990948,King Slime in Cashtle
1962559957,KINGDOM HEARTS - HD 1.5+2.5 ReMIX -
1687388278,KINGDOM HEARTS - HD 1.5+2.5 ReMIX -
40509624,KINGDOM HEARTS Ⅲ
131518145,KINGDOM HEARTS Ⅲ
357858858,KINGDOM HEARTS Ⅲ
1873492766,KINGDOM HEARTS HD 2.8 Final Chapter Prologue
1865989097,KINGDOM HEARTS HD 2.8 Final Chapter Prologue
2033627643,KINGDOM HEARTS Melody of Memory
1712709524,KINGDOM HEARTS Melody of Memory
1711332838,KINGDOM HEARTS Melody of Memory
1858227815,Kiting Cat
1848104117,Kiting Cat
2095960464,Kitsune Kaeru
1656989818,Kitsune Kaeru
1775896577,Kitsune Kaeru
1809430288,Kitten Island
2135008252,Kitten Island
1745241155,Kitten Island
1645882991,Kitten Island 2
2044046713,Kitten Island 2
1883121287,Kitten Island 2
1660592701,Knight's Quest
1646833187,Knight's Quest
2012339516,Knight's Quest
1629520252,Knight of the Keep
1793860163,Knight of the Keep
2097091300,Knight of the Keep
1755505440,Knight Quest: Goblins Raid
1734351849,Knight Quest: Goblins Raid
1893390803,Knight Quest: Goblins Raid
1726220893,Knightin'+
1654218275,Knightin'+
1759041558,Knightoban
1764797971,Knightoban
1845701688,Knightoban
2129205118,Knowledge Keeper
1844310525,Knowledge Keeper
1667976910,Kubics
1615084118,Kubics
1740083229,Kuky Adventure
1797823152,Kuky Adventure
2085231133,Kuky Adventure
504518218,L.A. Noire
985429182,L.A. Noire
1715299624,LA-MULANA
1986320048,LA-MULANA
1885571558,Lab Crisis
1890415328,Lab Crisis
1805862923,Lantern Push
2110303442,Lantern Push
1732309970,Lantern Push
815134214,Lara Croft and the Guardian of Light
1902038615,Lara Croft and the Guardian of Light
1904137661,Lara Returns to the castle
1873344466,Lara Returns to the castle
1673402682,Lara Returns to the castle
13980132,Left 4 Dead
1161889840,Left 4 Dead
244552082,Left 4 Dead 2
1161890004,Left 4 Dead 2
1746709957,Legends Aligned
1644991571,Legends Aligned
2105432358,Legends Aligned 
1756259627,Legends Aligned: Land of Order
1782582535,Legends Aligned: Land of Order
1703351539,Legends Aligned: Land of Order
1684631884,Legends Aligned: Minis in Conflict
1721208918,Legends Aligned: Minis in Conflict
1974475064,Legends Aligned: Minis in Conflict
491595024,LEGO Batman
1464993751,LEGO Batman
1112934402,LEGO Pirates of the Caribbean: The Video Game
440611906,LEGO Pirates of the Caribbean: The Video Game
1279330263,LEGO Star Wars: TCS
164371165,LEGO Star Wars: TCS
821886458,LEGO® Batman™ 2
1464993815,LEGO® Batman™ 2
1708233397,LEGO® Harry Potter™ Collection
423941531,LEGO® Harry Potter™ Collection
1005561191,LEGO® Indiana Jones™ 2
1279330285,LEGO® Indiana Jones™ 2
2045560230,LIMBO
398011207,LIMBO
1480657361,LIMBO
1626359755,Liquid Cat
1675240956,Liquid Cat
2123210503,Liquid Cat
2130892418,Little Ant Adventure
1728746832,Little Ant Adventure
1980532115,Little Ant Adventure
1900298867,Little Bear
1951384495,Little Bear
2111501553,Little Bear
2039794758,Little Cat The Lost Key
1875733322,Little Cat The Lost Key
2135411688,Little Cat The Lost Key
1970089130,Little Helper Cafe
2075754013,Little Helper Cafe
1689956904,Little Helper Cafe
2067707880,Little Helper Cafe: Sugar Cubes
1920884746,Little Helper Cafe: Sugar Cubes
2087835754,Little Helper Cafe: Sugar Cubes
1947329701,Little Kingdom RTS
2138600918,Little Kingdom RTS
2067034368,Little Kingdom RTS
2117235022,Little Legs
1992777385,Little Legs
2098748553,Little Legs
1935490407,Little Nightmares Enhanced Edition
1936213191,Little Nightmares Enhanced Edition
627891457,Little Nightmares II Enhanced Edition
1841790832,Little Nightmares II Enhanced Edition
1685569245,Listeria Wars
1707377286,Listeria Wars
1957174582,Lonely Guardian
2108963908,Lonely Guardian
1907201549,Lonely Guardian
1809820274,Loop Dash
1655848869,Loop Dash
1737524193,Loop Dash
1900726271,Lord of the Click 4
2066402580,Lord of the Click 4
2020175737,Lord of the Click 4
1998295089,Lord of the Click 5
2121377538,Lord of the Click 5
1813695902,Lord of the Click 5
1931573784,Lost Grimoires 3: The Forgotten Well
1795422557,Lost Grimoires 3: The Forgotten Well
561378107,Lost Grimoires: Stolen Kingdom
2133537762,Lost Grimoires: Stolen Kingdom
1693943612,Lost Snowmen
1996884292,Lost Snowmen
1711793977,Lost Words: Beyond the Page
1785006490,Lost Words: Beyond the Page
2041908109,LOVE ETERNAL
1944692600,LOVE ETERNAL
1677252767,Love is all around
1788077915,Love is all around
1657770424,Lucha Align
1712662574,Lucha Align
2083239119,Lucha Align
2046808542,Luppy
1781027452,Luppy
2019884684,Luppy
2082382492,Machinarium
1741034309,Machinarium
1632667399,Machinarium
1850618444,Machinetrix
2014317048,Machinetrix
1825516228,Machinetrix
1970109802,Madden NFL 21
1994181526,Madden NFL 21
1693050229,Madden NFL 22
1733044130,Madden NFL 22
2019267377,Madden NFL 23
2055522726,Madden NFL 23
1749127985,Madden NFL 24
1880561613,Madden NFL 24
1876694512,Madden NFL 25
2072546746,Madden NFL 25
1675504069,Mafia: Definitive Edition
1720075101,Mafia: Definitive Edition
2037306298,Mafia: Definitive Edition
1737947185,Magic Sheep
2030491539,Magic Sheep
1752204754,Magic Sheep
2037391049,Magical Girls vs Cat Aliens
2143993915,Magical Girls vs Cat Aliens
2137667623,Magnetail
1666972964,Magnetail
1897948293,Magnetail
63111872,Mahjong
1693779821,Mahjong
1792729237,Mainframent
1734719986,Mainframent
1984001465,Mainframent
1796424069,Malu the Princess
1883780447,Malu the Princess
1657627499,Mangavania
1806826416,Mangavania
1961595729,Mangavania
1728660692,Mangavania 2
1856015490,Mangavania 2
1700794367,Marine Survivors
1663901174,Marine Survivors
1776434181,Marine Survivors
2061258786,Marshmallow Marvin
1913012021,Marshmallow Marvin
1913245430,Marshmallow Marvin
1938421246,Marshmallow Marvin: Greenwood
1660014451,Marshmallow Marvin: Greenwood
2135914716,Marshmallow Marvin: Greenwood
1727798084,Marshmallow Marvin: Grimvault
1753450591,Marshmallow Marvin: Grimvault
1826543088,Marshmallow Marvin: Grimvault
1699441638,Marshmallow Marvin: Templestone
2033961495,Marshmallow Marvin: Templestone
1641505677,Marshmallow Marvin: Templestone
1635327057,Marshmallow Marvin: Timberfall
1726662426,Marshmallow Marvin: Timberfall
1691007666,Marshmallow Marvin: Timberfall
1926489287,Marvel's Midnight Suns
2028627076,Marvel's Midnight Suns
1858676952,Mask of Mists
1804795180,Mask of Mists
1297287144,Mass Effect
1409343411,Mass Effect
2011136108,Medieval Dynasty
1984680366,Medieval Dynasty
1849589141,Medieval Quest
1994384992,Medieval Quest
1707064352,MEGALAN 11
1770382770,MEGALAN 11
1840640111,Mech Shelf
1879671689,Mech Shelf
2007699131,Mech Shelf
1624454834,Mel The Cat
1626004065,Mel The Cat
1716123081,Mel The Cat
2146016093,Mel The Pyramid Cat
1877544393,Mel The Pyramid Cat
2097726200,Mel The Pyramid Cat
1843996291,Mel The Space Cat
1962102968,Mel The Space Cat
1615237016,Mel The Space Cat
1802402118,Meow and the Diamond Jump
1877263132,Meow and the Diamond Jump
1770237856,Meow and the Diamond Jump
1840607912,Meowgic Mix
1841839582,Meowgic Mix
1693051227,Meowgic Mix
1897867844,Meowsterpiece Museum
2061690082,Meowsterpiece Museum
2027208358,Meowsterpiece Museum
2016326945,Merge Design Mansion Makeover
1793190725,Merge Design Mansion Makeover
1654744318,Metal Shoot
1661230965,Metal Shoot
1708161234,Metal Shoot
1886592223,Metal: Hellsinger
1651248133,Metal: Hellsinger
2091037333,Metro 2033 Redux
1251455286,Metro 2033 Redux
1045960524,Metro Exodus
1660733075,Metro Exodus
2146683332,Metro Racer
2090899308,Metro Racer
2089740731,Metro: Last Light Redux
511110146,Metro: Last Light Redux
2023707212,MiceGard
1904531043,MiceGard
1648714593,Midnight Cat Heist
1821758109,Midnight Cat Heist
1643039488,Midnight Cat Heist
1921616586,Midnight Swamp
1960059428,Midnight Swamp
1639243170,Midnight Swamp
2083924204,Mighty Mage
1793765175,Mighty Mage
1871640896,MILKY WAY TD SURVIVORS AUTOBATTLER
2119464685,MILKY WAY TD SURVIVORS AUTOBATTLER
1889232588,MILKY WAY TD SURVIVORS AUTOBATTLER
2032641223,Milo: Paws & Buoys
1801844275,Milo: Paws & Buoys
2056331859,Milo: Paws & Buoys
2082339647,Milo`s Escape
1711349152,Milo`s Escape
1874313622,Milo`s Escape
2003634783,Mimi the Cat: Meow Together
1879017945,Mimi the Cat: Meow Together
2091473091,Mimi the Cat: Mimi's Scratcher
2053936784,Mimi the Cat: Mimi's Scratcher
1708501931,Mimi the Cat: New Friends
2130592951,Mimi the Cat: New Friends
1931621350,MindSeize
2134315876,MindSeize
1816010482,MindSeize
1739375565,Minecraft Dungeons
2146581438,Minecraft Dungeons
1720633196,Minecraft Dungeons
2073810037,Minesweeper
2006908601,Minesweeper
1812825461,Minos Dungeon
1677981874,Minos Dungeon
1886336151,Minos Dungeon
1681932611,Minos Trials
1712688846,Minos Trials
2127172200,Minos Trials
1161889872,Mirror's Edge™
810085329,Mirror's Edge™
1945690597,Misblood
1806237989,Misblood
2104864557,Mistfall Hunter
1890326099,Mistfall Hunter
2119720157,Modern Tales: Age Of Invention
1690207976,Modern Tales: Age of Invention
1838587960,Mole Cart Mining
2106793519,Mole Cart Mining
1670163210,Mole Cart Mining
1480659607,Monaco: What's Yours is Mine
189896967,Monaco: What's Yours is Mine
1480660055,MONOPOLY PLUS
1918441274,MONOPOLY PLUS
1807714585,Monster Truck Championship
1983830877,Monster Truck Championship
1714539163,Mortisomem
1793952543,Mortisomem
2079227086,MotoGP™20
1699788094,MotoGP™20
1763809257,MOUTHOLE
1901758542,MOUTHOLE
1782148011,Moves
1674141109,Moves
1848739938,Moves
1926871816,Moves: Perfect Pair
1914517374,Moves: Perfect Pair
1678291788,Moves: Perfect Pair
1925609034,Mr. T-Shirt
1768155647,Mr. T-Shirt
1959884647,Mr.Slime in Dungeon
1638883999,Mr.Slime in Dungeon
1957331976,Mr.Slime in 
1778466338,Murder Inc
1976262441,Murder Inc
1678390358,Mushroom Savior
1652829137,Mushroom Savior
1681715185,Music Racer: Ultimate
1958263726,Music Racer: Ultimate
475230186,MX Nitro
157756945,MX Nitro
893913058,MX Unleashed
912425314,MX Unleashed
1414596649,MX vs ATV Reflex
185283316,MX vs ATV Reflex
2098944426,MXGP 2021 - The Official Motocross Videogame
1891931390,MXGP 2021 - The Official Motocross Videogame
1912588536,My First Kiss - Project: Summer Ice 8
1882458869,My First Kiss - Project: Summer Ice 8
1966816764,My Friend Pedro
2028520097,My Friend Pedro
1864638562,My Time At Portia
446256697,My Time At Portia
1911275658,MyMaitê
2146481981,MyMaitê
1955393584,MyMaitê
1676327454,Mystery Hotel: Hidden Objects
2075892582,Mystery Hotel: Hidden Objects
1824129047,Mystic Pathways
1653598311,Mystic Pathways
1709039725,Mystic Pathways
1787805157,Mystic Pathways: Crystal Quest
1990203795,Mystic Pathways: Crystal Quest
1907685879,Mystic Pathways: Crystal Quest
1722589574,Mystic Thief - Elemental Conquest
1890793799,Mystic Thief - Elemental Conquest
2108394919,Mystic Thief - Elemental Conquest
2107898177,NBA 2K21
2006666244,NBA 2K21
2132291580,NBA 2K22
1696456823,NBA 2K22
2143306487,NBA 2K23
1799461557,NBA 2K23
2111261461,NBA 2K24
2067705319,NBA 2K24
1657391528,NBA 2K25
1794767034,NBA 2K25
1696697876,NBA 2K26
1870487792,NBA 2K26
2019117069,NBA 2K26
2142005586,Nefiriya and the Sands of Eternity
1807697038,Nefiriya and the Sands of Eternity
225943380,NEOGEO BATTLE COLISEUM
1480657439,NEOGEO BATTLE COLISEUM
2089107269,Neon Depth
1740041940,Neon Depth
2147434313,Neon Depth
1813589763,Neon Runner
1950002101,Neon Runner
516538331,Neverwinter
42235288,Neverwinter
407534069,Neverwinter
1685135803,NHL® 22
1961823263,NHL® 22
1986349001,NHL® 23
1820656575,NHL® 23
1970734247,NHL® 24
1809107273,NHL® 24
2049412372,Night Call
1900870116,Night Call
125341318,Night in the Woods
1976637866,Night in the Woods
1813525377,Night Ranger
1772953684,Night Ranger
2008737833,Night Ranger
2125015070,Nightmares from the Deep 2: The Siren's Call
1040056842,Nightmares from the Deep 2: The Siren's Call
175365432,Nightmares from the Deep 3: Davy Jones
1970501897,Nightmares from the Deep 3: Davy Jones
170095691,Nightmares from the Deep: The Cursed Heart
2064556786,Nightmares from The Deep: The Cursed Heart
1968806502,Nightmares from The Deep: The Cursed Heart
1722783618,Ninja Escape Danger
1990419298,Ninja Escape Danger
1750854178,Ninja Escape Danger
992005658,Ninja Gaiden Black
1413679064,Ninja Gaiden Black
1413679061,NINJA GAIDEN II
272855377,NINJA GAIDEN II
1958215676,Ninja Master Toru
1644314486,Ninja Master Toru
1798004770,Ninja Village
1768552103,Ninja Village
1814825729,No More Heroes 3
2090892546,No More Heroes 3 Windows
1909478420,Noir Chronicles: City of Crime
731954142,Noir Chronicles: City of Crime
1684691488,Noodlebound
1651316148,Noodlebound
1973804461,Noodlebound
1883188578,NubiaPhobia
1767985039,NubiaPhobia
1863625465,Nuclear Throne
2041914938,Nuclear Throne
1856761311,Oakbound Quest
1802716291,Oakbound Quest
1693043906,Oakbound Quest
2024512616,Obsurity
2042417208,Obsurity
1650638194,Ocean Oddities
2047189315,Ocean Oddities
1768207044,Ocean Oddities
1816813475,Ogre Tale
1895949258,Ogre Tale
2097999949,One Button Games 5-in-1
2061744663,One Button Games 5-in-1
1979323707,One Button Games 5-in-1
1994881184,One Button Games 5-in-1 vol. 2
1763723713,One Button Games 5-in-1 vol. 2
1638190340,One Button Games 5-in-1 vol. 2
1812726723,One Button Games 5-in-1 vol. 3
2017836801,One Button Games 5-in-1 vol. 3
1629371144,One Button Games 5-in-1 vol. 3
2038764460,One Button Games 5-in-1 vol. 4
1829560264,One Button Games 5-in-1 vol. 4
1879011441,One Button Games 5-in-1 vol. 4
1802464934,One Button Games 5-in-1 vol. 5
2118747468,One Button Games 5-in-1 vol. 5
2106098605,One Button Games 5-in-1 vol. 5
2011834319,One Button Games 5-in-1 vol. 6
2133551632,One Button Games 5-in-1 vol. 6
1866822064,One Button Games 5-in-1 vol. 6
1799175961,One Button Games 5-in-1 vol. 7
1761865495,One Button Games 5-in-1 vol. 7
1858286641,One Button Games 5-in-1 vol. 7
1640986104,One Button Games 5-in-1 vol. 8
1790384943,One Button Games 5-in-1 vol. 8
1818133467,One Button Games 5-in-1 vol. 8
1728797774,ONE PIECE: PIRATE WARRIORS 4
2106204901,ONE PIECE: PIRATE WARRIORS 4
2102979513,One Step After Fall
1855969981,One Step After Fall
1693098311,One Step After Fall
1762313974,One Step After Fall
1878673024,One Step After Fall
1823795565,Opaloid Kingdom
1785702340,Opaloid Kingdom
1802222577,Operate Now: Hospital Surgery
1613663038,Operate Now: Hospital Surgery
2022775683,Out of Moves
1821856796,Out of Moves
1834382841,Out of Moves
2079922713,Out of Moves: Another Try
1967983230,Out of Moves: Another Try
2145252625,Out of Moves: Another Try
308654313,Overcooked! 2
1727613823,Overcooked! 2
2096627692,Overdrive Blaster
1707434871,Overdrive Blaster
1869570692,Overdrive Blaster
2132998651,Pad Quad
1864409407,Pad Quad
1872909609,Pad Quad
1818062588,Paint Path
2003541668,Paint Path
1678601004,Paint Path
1889135706,Panda Bamboo Adventure (Windows)
1820804101,Panda Bamboo Adventure (Xbox One)
1817833636,Panda Bamboo Adventure (Xbox Series)
2098503122,Panda Keeper (Xbox One)
1632889904,Panda Keeper (Xbox Series)
1985304384,Paper Pixel
1992954285,Paper Pixel (Windows)
1768842875,Paper Pixel (Xbox Series)
2131674834,Pay To Path
1834220742,Pay To Path
1480657033,Peggle
442175237,Peggle
1480660022,Peggle 2
848717329,Peggle 2
1745982386,Penguin's ArcticDex
1709862953,Penguin's ArcticDex
1945986616,Penguin's ArcticDex
1757943045,Penguin Flight
1654659551,Penguin Flight
1922166719,Penguin Flight: Beyond The Clouds
1895282289,Penguin Flight: Beyond The Clouds
1979962896,Penguin Flight: Beyond The Clouds
2041907684,Perfect Ninja Painter
2077266941,Perfect Ninja Painter
2076010707,Perfect Ninja Painter 2
2119254374,Perfect Ninja Painter 2
1617653473,Perfect Ninja Painter 3
1690045506,Perfect Ninja Painter 3
1948342595,Perfect Ninja Painter 4
1845521581,Perfect Ninja Painter 4
1936929960,Perfect Ninja Painter 4
792180643,Persian Nights: Sands of Wonders
2021497797,Persian Nights: Sands of Wonders
1894083501,Piggy’s Farm
1788310602,Piggy’s Farm
2109230508,Piggy’s Farm
1644028139,Pillars of Eternity II: Deadfire - Ultimate Edition
1632843296,Pillars of Eternity II: Deadfire - Ultimate Edition
2072176568,Pinball FX
1480656948,Pinball FX
1297290209,Pinball FX2
2121920519,Pinball FX2
1818736509,Pinball FX2
1674617666,Pipeline Tycoon
1903583097,Pipeline Tycoon
1970147854,Pipeline Tycoon
2060380149,Pirate Bloopers
1809846199,Pirate Bloopers
2096853135,Pirate Days
2082686109,Pirate Days
2087743941,Pirate Trails
1690147077,Pirate Trails
1926232754,Pirate Trails: Tentacles and Treasures
2026948704,Pirate Trails: Tentacles and Treasures
2125194953,Pirate Trails: Tentacles and Treasures
1854216614,Pixapple Adventure
1751873004,Pixapple Adventure
1877310417,Pixapple Adventure
1781605957,Plants vs Monsters: Zombie Craft
1914169039,Plants vs Monsters: Zombie Craft
1920521666,Please Be Happy
1923628642,Please Be Happy
1888324616,Please Be Happy
1847868611,Poetic Trio
1999115581,Poetic Trio
1617556299,Poko's Arctic Quest
1869662675,Poko's Arctic Quest
1725204742,Poko's Arctic Quest
1992796548,Polar Bear is Hungry
2034805164,Polar Bear is Hungry
1898639506,Polar Bear is Hungry
2042086551,Porkshire Hero
1798794328,Porkshire Hero
1750323746,Porkshire Hero
1934927653,Possum is Hungry
2144450974,Possum is Hungry
1804397214,Possum is Hungry
1716484580,Potata: fairy flower
2139612962,Potata: fairy flower
1805003112,Prey
907086072,Prey
2050495214,Prison Loop
1939916203,Prison Loop
1980024317,Prison of Illusion
1829584517,Prison of Illusion
1731606141,Prison of Illusion
1702869784,Project Motor Racing
1798561540,Project Motor Racing
122708266,Psychonauts
1965359820,Psychonauts
1827042455,Punch Monk
1836437615,Punch Monk
1763923263,Punch Monk
1731512696,Puzzle by Nikoli W Hashiwokakero
1723897713,Puzzle by Nikoli W Hashiwokakero
1972319158,Puzzle by Nikoli W Heyawake
1744255588,Puzzle by Nikoli W Heyawake
2045897351,Puzzle by Nikoli W Kakuro
2066917207,Puzzle by Nikoli W Kakuro
1762895792,Puzzle by Nikoli W Masyu
1920403288,Puzzle by Nikoli W Masyu
1710645285,Puzzle by Nikoli W Nurikabe
2056450579,Puzzle by Nikoli W Nurikabe
1744408621,Puzzle by Nikoli W Slitherlink
1920489491,Puzzle by Nikoli W Slitherlink
1923085383,Puzzle by Nikoli W Sudoku
2100842776,Puzzle by Nikoli W Sudoku
1629584005,Pyramid Platformer - The Gem Heist
1648504568,Pyramid Platformer - The Gem Heist
2137121835,Pyramid Platformer - The Gem Heist
1797390641,Quartz Caverns
1930854616,Quartz Caverns
1837055702,Quartz Caverns
1979775613,Queen's Quest 4: Sacred Truce
1611876144,Queen's Quest 4: Sacred Truce
2081586267,Queen's Quest 5: Symphony of Death
1784625849,Queen's Quest 5: Symphony of Death
2021386645,Queen's Quest: Tower of Darkness
1771897339,Queen's Quest: Tower of Darkness
1785020400,Quick Whiskers
2013411783,Quick Whiskers
1788558004,Quick Whiskers
1892967816,Rabbit Raid
1951599694,Rabbit Raid
1859203717,Rabio
1694200362,Rabio
2138534542,Raccoon is Hungry
2111887603,Raccoon is Hungry
1816017776,Raccoon is Hungry
1112737772,RAGE
583196255,RAGE
914276891,RAGE 2
1970834532,RAGE 2
1616835035,Rayland 2
1781479823,Rayland 2
1736783596,Re:Touring
1778435097,Re:Touring
1897447749,ReactorX
1992379571,ReactorX
1805490295,ReactorX 2
1761751232,ReactorX 2
1927701400,ReactorX 3
2070616988,ReactorX 3
2056829083,Real Racing Nitro Asphalt™
2016878936,Real Racing Nitro Asphalt™
1874599886,Red Cape Knight
1951062281,Red Cape Knight
1963861862,Red Cape Knight
2031804130,Red Dead Redemption
1414793259,Red Dead Redemption
1145753246,Red Dead Redemption
2076466454,Red Dead Redemption
1966796335,Red Panda is Hungry
1802262547,Red Panda is Hungry
1654870769,Reed 2
2076168591,Reed 2
1737514117,Reed Remastered
2053453890,Reed Remastered
1715491641,RelicHuntersZero
1655658635,RelicHuntersZero
2020647309,Reposition Defense
1737671428,Reposition Defense
1869454578,Reposition Defense
1664931791,Resident Evil Operation Raccoon City
1128466461,Resident Evil Operation Raccoon City
1631877043,Resident Evil Operation Raccoon City
2062984120,Resident Evil Operation Raccoon City
1836570919,Resident Evil Operation Raccoon City
1997388850,Resident Evil Operation Raccoon City
2043859430,Revenge of the Savage Planet
1822591938,Revenge of the Savage Planet
1623503769,RiMS Racing
1710190632,RiMS Racing
2133397409,Riptide GP2
2112125425,Riptide GP2
434412541,Rise of the Tomb Raider
1046363979,Rise of the Tomb Raider
2068322391,Risky Roads
1648718585,Risky Roads
1773128898,Risky Roads
1629043783,River City Girls
2076503823,River City Girls
1728170745,RoboHero
1658467979,RoboHero
1769952074,RoboHero
1904895861,Rogue Raccoon
1720004390,Rogue Raccoon
1972996505,Rogue Raccoon
565584615,ROMANCE OF THE THREE KINGDOMS XIII
239937556,ROMANCE OF THE THREE KINGDOMS XIII
753223864,ROMANCE OF THE THREE KINGDOMS XIII
1841524842,Rookie Knight
1766564676,Rookie Knight
1651162386,Rookie Knight
2060533440,Runasaurus Rex: Origins
1891981031,Runasaurus Rex: Origins
1924486172,Runasaurus Rex: Origins
1680268059,Rune Axe
1927952264,Rune Axe
2101582025,Rune Crystal: Adventure
1828268608,Rune Crystal: Adventure
1985898542,Rune Crystal: Adventure
724369121,Saints Row
1414596561,Saints Row
1414596589,Saints Row
712238930,Saints Row 2
1414596604,Saints Row 2
1414596662,Saints Row 2
964214247,Saints Row IV: Re-Elected
429066719,Saints Row IV: Re-Elected
1716433734,Saints Row IV: Re-Elected
1169551644,Saints Row: Gat out of Hell
1263339520,Saints Row: Gat out of Hell
2100858972,Sanctum Push
2023786030,Sanctum Push
1716897739,Sanctum Push 
1844954857,Sands and Relics
1818742112,Sands and Relics
1619953651,Sands and Relics
1771555773,Santa's Winter Wonders
2027159497,Santa's Winter Wonders
1615299687,Santa's Winter Wonders
1770381407,Save My Wife
1717278535,Save My Wife
2139269757,Save My Wife
1921109185,Say Cheese!
2090730116,Say Cheese!
1853642628,Scarlet Wolf
2125537574,Scarlet Wolf
1734102516,Scarlett Mysteries: Cursed Child
1720462396,Scarlett Mysteries: Cursed Child
2107472532,Scorchy Sky Trials
1622671280,Scorchy Sky Trials
2029383366,Scorchy Sky Trials
1849169383,Secrets of SOCOM
1784940987,Secrets of SOCOM
2099681630,SENSHI SOKOBAN QUEST
1814784440,SENSHI SOKOBAN QUEST
1785887010,Serious Sam 4
1641777228,Serious Sam 4
1689725766,Serious Sam: Siberian Mayhem
2030118025,Serious Sam: Siberian Mayhem
1865027135,SEWER QUEST
1993324816,SEWER QUEST
2020174486,SEWER QUEST
1613666056,Shadows of Arcania
2138688417,Shadows of Arcania
1981188164,Shadows of Arcania
2031664178,Shadows of the Damned: Hella Remastered
1908885199,Shadows of the Damned: Hella Remastered
1753113291,Shaman's Mask of the Rune Magic
1658192345,Shaman's Mask of the Rune Magic
1706860378,Shaman's Mask of the Rune Magic
1674927377,Shame Legacy
1828109177,Shame Legacy
1980757390,Shards of Mistfrost
1648116663,Shards of Mistfrost
1702231123,Shards of Mistfrost
1689409064,Shield King
1705902254,Shield King
1679932288,Shiro
2036713369,Shiro
1632941844,SHMUP Mania
1658221505,SHMUP Mania
1678445062,Shop & Spot Avenue
1853922321,Shop & Spot Avenue
1882281206,Shop & Spot Avenue
1074352212,Shovel Knight: Treasure Trove
247124088,Shovel Knight: Treasure Trove
2004791398,Shroomageddon
1871000687,Shroomageddon
1636215411,Shroomageddon
1873340642,Sig.NULL
1884016246,Sig.
1901375457,Silenced: The House
1906892417,Silenced: The House
2123694064,SINNER: Sacrifice for Redemption
1730762164,SINNER: Sacrifice for Redemption
1787618322,Sintropia Fruits Together
1663964518,Sintropia Fruits Together
2086562024,Sintropia Fruits Together
1747514319,Skate 2
1161889919,Skate 2
1161890022,Skate 3
1178351949,Skate 3
1161889811,skate. (2007)
883004381,skate. (2007)
2060765084,Sky Feathers
1852577296,Sky Feathers
2025493625,Sky Feathers
2112499779,Sky of Destruction
1816848556,Sky of Destruction
1626739731,Sky Survivors
1718582935,Sky Survivors
1657928597,Skyland: Heart of the Mountain
1939859673,Skyland: Heart of the Mountain
1711016882,Sled Riders
1728109391,Sled Riders
1912937061,Sled Riders
1480660016,Slender: The Arrival
2021025006,Slender: The Arrival
1818751429,Slide Viking
1823252534,Slide Viking
1667073833,Slide Viking
1709752121,Slide Viking: Treasure's Path
1833214862,Slide Viking: Treasure's Path
1915625944,Slide Viking: Treasure's Path
2135923175,Slime Color
1898714555,Slime Color
1890588473,Slime Ranger
1836669355,Slime Ranger
2067325374,SlimeFlip
1642104324,SlimeFlip
1732434510,SlimeFlip
1736697479,Smart Moves
1645030778,Smart Moves
1786573857,Smart Moves 2
1770238303,Smart Moves 2
1962264701,Snack and Quack
1888303900,Snack and Quack
1648364111,Snack and Quack
1805664212,Snack and Quack: Duckling Steps
1633036635,Snack and Quack: Duckling Steps
1714790772,Snack and Quack: Duckling Steps
1716567990,Sokmeal Time
1810724870,Sokmeal Time
2024976700,Sokmeal Time
1792153167,Sokobear Autumn
1613699739,Sokobear Autumn
1875891300,Sokobear Autumn
2079273431,Sokobear Cave
1717529908,Sokobear Cave
1683626268,Sokobear Cave
1838770558,Sokobear Spring
1962362594,Sokobear Spring
1677669721,Sokobear Spring
1614021471,Sokobear Winter
1642658545,Sokobear Winter
1612526927,Sokobear Winter
1691570797,Sokocrab
1612892329,Sokocrab
1738388288,Sokogem
1916402890,Sokogem
1847449146,Sokogem
1690743773,Sokolab
1941640742,Sokolab
1641281999,Sokolor
1977811296,Sokomage
2029790380,Sokomage
1820889530,Sokomine
2146019518,Sokomine
1686834411,Sokomine
2026505751,Sokomonster
1647430186,Sokomonster
2074273970,Sokorobot
2098823541,Sokorobot
2037435056,Sol Dorado Heist
1846193647,Sol Dorado Heist
1903913754,Sol Dorado Heist
1625363226,Solar Machina
2028762421,Solar Machina
1809895054,Solar Machina
1966002761,Solir
2078183849,Solir
1818417101,Solitaire
138528408,Solitaire
2005818033,Split Crystal
1824852527,Split Crystal
2018251126,Split Crystal
1365869117,Split/Second
1112934375,Split/Second
380703582,Splosion Man
1480657295,Splosion Man
1820769199,Square Smash
1698017195,Square Smash
1831072287,Square Smash
1795983820,Star Station Frontier
1785825024,Star Station Frontier
1628331422,Star Station Frontier
909409687,Star Wars: The Force Unleashed
1279330258,Star Wars: The Force Unleashed
1279330290,Star Wars: The Force Unleashed II
1065100845,Star Wars: The Force Unleashed II
306230746,Stardew Valley
2080211397,Stardew Valley
1745610503,Steampunch
1794705452,Steampunch
2138726693,Steampunch
1746379912,Steampunch: Lost Tombs
2010430322,Steampunch: Lost Tombs
1658948948,Steampunch: Lost Tombs
1613686239,Stellar Docks
1645247878,Stellar Docks
2102382922,Stellar Docks: Deep Space
2097155647,Stellar Docks: Deep Space
1786086826,Stellar Docks: Deep Space
1762712365,Stellaris
988203152,Stellaris
1698419011,Stellaris
2086812657,Stickman Dismount
2124018384,Stickman Dismount
2001173735,Sticky Twig DASH!
1794079264,Sticky Twig DASH!
2081145445,Sticky Twig DASH!
2026520862,Stillbone
2123908125,Stillbone
1763778713,Stillbone
1900585024,Storyblocks: The King
1672889972,Storyblocks: The King
1985144601,Stranded Deep
2146285435,Stranded Deep
1816309596,Stumble Guys
1679027058,Stumble Guys
1911065365,Stunt Paradise
1675190546,Stunt Paradise
2120673497,Sugarbound
2099479433,Sugarbound
1882015385,Sugarbound 2
2143077030,Sugarbound 2
2104908182,Sugarbound 2
1659515488,Suika 3D Fruits
1826488216,Suika 3D Fruits
1676611974,Suika 3D Fruits
1911312095,Suika And Dragons
1955269140,Suika And Dragons
1959074113,Suika And Dragons
2022801652,Suika Monsters
1764050932,Suika Monsters
1774418059,Suika Monsters
2077587472,Suika Nest
2110548061,Suika Nest
1703850048,Suika Nest
1914707617,Suika Nyaa
2039259323,Suika Nyaa
1845393429,Suika Nyaa
1692734896,Suika Wan!
1650134876,Suika Wan!
1790459892,Suika Wan!
1768994193,Summer Seaside Search
2047629553,Summer Seaside Search
1886639392,Summer Seaside Search
1876527282,Summertime Madness
2015325097,Summertime Madness
1679953167,Sunbeam Feast
1777639349,Sunbeam Feast
1854525267,Sunny Summer Splash
2054965143,Sunny Summer Splash
1636037782,Sunny Summer Splash
2057080763,Super Astro Cat
1957649282,Super Astro Cat
1895696776,Super Astro Cat 2
2082733109,Super Astro Cat 2
1822461489,Super Astro Cat 2
2020150507,Super Dev Quest
1659378277,Super Dev Quest
1797183257,Super Dev Quest
1926467835,Super Forklift 3000
1827598868,Super Forklift 3000
1684612075,Super Forklift 3000
1746686696,Super Juicy Stack
1995450845,Super Juicy Stack
2105436170,Super Juicy Stack
1963013137,Super Snake Block DX
2052867319,Super Snake Block DX
1128466428,SUPER STREETFIGHTER IV ARCADE EDITION
993798593,SUPER STREETFIGHTER IV ARCADE EDITION
1989291815,Supraland
1839740207,Supraland
365797379,Supreme Commander 2
1397819363,Supreme Commander 2
1949756621,Surgeon Simulator 2
1950602651,Surgeon Simulator 2
405775731,Surviving Mars
1775967989,Surviving Mars
1987589092,Surviving Mars: Relaunched
1982740887,Surviving Mars: Relaunched
2047196116,Swapshot
1814129384,Swapshot
2118187062,Sweet Witches
2051252530,Sweet Witches
1628103569,SwitchBlasters
1871592910,SwitchBlasters
2136299914,SwitchBlasters
1650305856,Swordbreaker: Origins
2136170579,Swordbreaker: Origins
1629734223,Tale of Dark Lands
2001451314,Tale of Dark Lands
2133897426,Tales of Arise
990373231,Tales of Arise
1872765418,Tales of Arise
2030336203,Taptiles
2088773133,Taptiles
1954522566,Tears of Metal
2026036902,Tears of Metal
2078757934,Temari Trials
2107565355,Temari Trials
2133660608,Temari Trials
1804829352,Temari Trials: Dojo's Test
1836919057,Temari Trials: Dojo's Test
1771626735,Terminal 81
1970353365,Terminal 81
1877868866,Teslagrad
1019714201,Teslagrad
1696465874,The Adventures of Ally The Alligator
1720041377,The Adventures of Ally The Alligator
1899803218,The Adventures of Ally The Alligator
1854327039,The Banner Saga
1887610786,The Banner Saga
1691687896,The Banner Saga 2
720980405,The Banner Saga 2
1480659512,The Cave
619718041,The Cave
2080861628,The Crew Motorfest
1857595573,The Crew Motorfest
1722962896,The Cursed Frog
1665594904,The Cursed Frog
2086126860,The Cursed Frog
1766787305,The Cute Whale
1979891401,The Cute Whale
2020516215,The Cute Whale
1933922704,The Dark Crystal: Age of Resistance Tactics
1639995109,The Dark Crystal: Age of Resistance Tactics
1675325285,The End Of The Age
1868950162,The End Of The Age
1878548249,The End Of The Age
199875921,The Escapists: The Walking Dead
125965001,The Escapists: The Walking Dead
144439061,The Evil Within
2095867988,The Evil Within
170773198,The Evil Within® 2
1790921256,The Evil Within® 2
1782608966,The Excrawlers
2007236764,The Excrawlers
2103186667,The Explorer Of Night
2084032984,The Explorer Of Night
2136723382,The Fast Journey
1729275987,The Fast Journey
2134392885,The Heroic Knight
1791030843,The Heroic Knight
1792631514,The Heroic Knight
1746038525,The Last Shot
1649221724,The Last Shot
1813357660,The Last Shot
1893341199,The Last Shot Arcades
1773258938,The Last Shot Arcades
1480657090,The Maw
494738437,The Maw
1991539413,The Messenger
1962688125,The Messenger
34077338,The Mooseman
1889971279,The Mooseman
2055636280,The Myth Seekers 2: The Sunken City
1927439419,The Myth Seekers 2: The Sunken City
1723616866,The Myth Seekers: The Legacy of Vulcan
1828845873,The Myth Seekers: The Legacy of Vulcan
1826477676,The Myth Seekers: The Legacy of Vulkan
1821325967,The Nameless City
1923419969,The Nameless City
1675176110,The Outer Worlds
618537566,The Outer Worlds
1777341064,The Outer Worlds: Spacer's Choice Edition
1721383054,The Outer Worlds: Spacer's Choice Edition
1731121397,The Quarry
1843694822,The Quarry
1729900071,The Rabbit Crazy Adventure
2047648027,The Rabbit Crazy Adventure
1748167956,The Riftbreaker
1902329140,The Riftbreaker
1666554238,The Samurai Quest
1877465973,The Samurai Quest
1680369655,The Samurai Quest
996619018,The Sinking City
1864185316,The Sinking City
1940410619,The StoryTale
1693397790,The StoryTale
2113780632,The Super Penguboy
2022239352,The Super Penguboy
20605635,The Surge
2027192082,The Surge
901516198,The Surge 2
1839607296,The Surge 2
491421892,The Talos Principle
1735845764,The Talos Principle
2057463803,The Texas Chain Saw Massacre
1649660694,The Texas Chain Saw Massacre
24728415,The Town of Light
94098725,The Town of Light
1015066519,The Walking Dead: Season Two
1480659987,The Walking Dead: Season Two
893951440,The Walking Dead: Season Two
231674300,The Walking Dead: Season Two
31939361,The Walking Dead: The Final Season
428173642,The Walking Dead: The Final Season
207015551,theHunter: Call of the Wild™
1806542452,theHunter: Call of the Wild™
2046367994,Those Who Remain
1885474441,Those Who Remain
2099988016,Ticket to Ride
1480657132,Ticket to Ride
1804074878,Tidy Toys
1776258833,Tidy Toys
1651361422,Tidy Toys
2110707172,Tiny Archer
1885359947,Tiny Archer
1866961798,Tiny Archer
2012146098,Tiny Arctic Hero
1612059598,Tiny Arctic Hero
1724894079,Tiny Arctic Hero
1826137247,Tiny Little Farm
1854122175,Tiny Little Farm
1982117283,Tiny Little Farm
1689732921,Tiny Mage in Puzzle Land
1852720383,Tiny Mage in Puzzle Land
1630771206,Tiny Mage in Puzzle Land
1652769790,Tiny Tales: Heart of the Forest
1695317859,Tiny Tales: Heart of the Forest
1737229683,To Bee Jazz
1638389297,To Bee Jazz
1817288441,To Bee Jazz
1924171101,To Farm Lands
2100791312,To Farm Lands
1810583397,To Farm Lands
1697703336,To Farm Lands: Sowing Fields
1775430066,To Farm Lands: Sowing Fields
1991035326,To the Basement: Before
1929726231,To the Basement: Before
1778336971,To the Basement: Before
1833983592,Toad Slide
1757391044,Toad Slide
1981565664,Toad Slide
2132777614,Tofu Dream
2097983482,Tofu Dream
1894787867,Tofu Dream
1767703473,Tony Hawk's™ Pro Skater™ 1 + 2
1810026094,Tony Hawk's™ Pro Skater™ 1 + 2
1960807567,Tour de France 2021
1778611337,Tour de France 2021
1979318633,Toybox Escape
1780797788,Toybox Escape
1613531726,Toybox Escape
327364101,Trackmania® Turbo
1518572426,Trackmania® Turbo
1908682878,Tracks - The Train Set Game
1887639245,Tracks - The Train Set Game
2029782856,Train Station Simulator
1610624065,Train Station Simulator
1989609295,Trash is Fun
1627905727,Trash is Fun
2054353805,Treetop Trials
1927036825,Treetop Trials
2100124426,Treetop Trials
1480657581,Trials Evolution
937464404,Trials Evolution
1265757851,Trials Fusion
1185249228,Trials Fusion
1744053412,Trigger Path
1754044294,Trigger Path
1695219996,Trigger Path
1894778410,Tropical Jurassic Discovery
2085164902,Tropical Jurassic Discovery
2103016725,Tropical Jurassic Discovery
580901123,Tropico 6
1619319939,Tropico 6
1905686946,Tropico 6
1970179717,Twisted Fate
1801147661,Twisted Fate
1695794575,Twisted Fate
1999883824,Ultra Crystal Rush
1667955234,Ultra Crystal Rush
1804639035,Ultra Crystal Rush
1660320477,Undertale
1692615984,Undertale
1957925786,Vikings Pinball
1977091959,Vikings Pinball
1804413591,Vikings Pinball
1636755446,Village of the Curse
1667124140,Village of the Curse
1072703684,Virtua Fighter 5 Final Showdown
1480659454,Virtua Fighter 5 Final Showdown
1731762544,Virtual Villagers Origins 2
1895560154,Virtual Villagers Origins 2
1288959033,Viva Piñata
1297287154,Viva Piñata
1297287263,Viva Piñata: TIP
680908276,Viva Piñata: TIP
1936207708,Void Bastards
1778298055,Void Bastards
1927170548,Void Blasters
1695116593,Void Blasters
1662453492,Void Blasters
1909746994,Void Source
1988172142,Void Source
2077720820,Void Source
1704529510,Vzerthos: The Heir of Thunder
1781545897,Vzerthos: The Heir of Thunder
1983962095,"Warhammer 40,000: Battlesector"
1861467226,"Warhammer 40,000: Battlesector"
1698802403,Warp Bot
1860293080,Warp Bot
2110882357,Warp Bot
586255311,WARRIORS OROCHI 3 Ultimate
808808652,WARRIORS OROCHI 3 Ultimate
328245964,WARRIORS OROCHI 3 Ultimate
680865643,WARRIORS OROCHI 3 Ultimate
922226657,Wasteland 2: Director's Cut
2019181131,Wasteland 2: Director's Cut
271965907,Wasteland 3
1923839306,Wasteland 3
1693635546,Weeping Willow
1827598049,Weeping Willow
2028584511,Weeping Willow
2030769510,Werewolf: The Apocalypse - Earthblood
1807860559,Werewolf: The Apocalypse - Earthblood
2144997626,West of Dead
1740517029,West of Dead
1739513454,What's Different?
1810588887,What's Different?
1888551831,What's Different?
1707612911,Why Pizza?
1887143367,Why Pizza?
1994255243,Wild Seas
2116420839,Wild Seas
2031627919,Wilmot's Warehouse
1747483453,Wilmot's Warehouse
1942929483,Wings of Beyond
1633456292,Wings of Beyond
1753005240,Wings of Beyond
1755379827,Witchcrafty
1907029869,Witchcrafty
1853081669,Witchcrafty
1879308088,Without a Voice
2136310885,Without a Voice
1717873371,Wiz Quest: Crystal Power
1751577129,Wiz Quest: Crystal Power
2035355516,Wiz Quest: Crystal Power
1981403899,Wolfenstein: The New Order
1677025209,Wolfenstein: The New Order
1159891781,Wolfenstein: The Old Blood
1909396590,Wolfenstein: The Old Blood
496534680,Wolfenstein: Youngblood
1861858143,Wolfenstein: Youngblood
2132785815,Wolfenstein II: The New Colossus
2008811924,Wolfenstein II: The New Colossus
478449077,World of Warships: Legends
617101841,World of Warships: Legends
1657689138,Worms W.M.D
409741425,Worms W.M.D
283303390,Wreckfest
2091194104,Wreckfest
2012953823,WWE 2K22
1744345373,WWE 2K22
1756919443,WWE 2K23
1707142453,WWE 2K23
1947812162,WWE 2K25
1998069249,WWE 2K25
1727687773,X-Force Genesis
1698277348,X-Force Genesis
1791601996,X-Force Genesis
1414793390,XCOM®: Enemy Within
1049055654,XCOM®: Enemy Within
1650124673,XIII A Final Game of Tarot
1971605002,XIII A Final Game of Tarot
1961974447,XIII A Final Game of Tarot
1982380845,Xray Customs
1920198712,Xray Customs
1672988244,Xray Customs
1953589006,Yakuza 0
1917938753,Yakuza 0
1755180052,Yakuza 3 Remastered
2092055351,Yakuza 3 Remastered
1788295676,Yakuza 4 Remastered
1764107912,Yakuza 4 Remastered
1777058720,Yakuza 5 Remastered
2098656486,Yakuza 5 Remastered
1773431897,Yakuza 6: The Song of Life
1782257009,Yakuza 6: The Song of Life
1998643149,Yakuza Kiwami
1839962476,Yakuza Kiwami
1636871347,Yakuza Kiwami
1845646569,Yakuza Kiwami 2
1963899312,Yakuza Kiwami 2
2010235364,Yakuza Kiwami 2 
1910853412,Yoku's Island Express
555542903,Yoku's Island Express
391356720,Yooka-Laylee
518528069,Yooka-Laylee
2058201120,Yooka-Laylee and the Impossible Lair
1990116831,Yooka-Laylee and the Impossible Lair
1893821996,Yooperlite
2116894335,Yooperlite
1753658946,Yooperlite
1728636987,Yuletide Legends: Who Framed Santa Claus
1894398913,Yuletide Legends: Who Framed Santa Claus
1663960317,Zen Wash
1693463344,Zen Wash
2027456837,Zen Wash
1954999628,Zero Squares
1923444705,Zero Squares
1645309277,Zero Squares
1765567475,Ziggy
1825102531,Ziggy
1752291141,Zombie Derby
1797086953,Zombie Derby
2001814192,Zombie Derby 2
1841078711,Zombie Derby 2
1907198556,Zombie Derby: Pixel Survival
2059163252,Zombie Derby: Pixel Survival
1627571135,Zombie Legion
1647001140,Zombie Legion
1976852909,Zombie Legion
2044141925,Zombie Survivors
2069056165,Zombie Survivors
1824051810,Zoo Clues
1715509340,Zoo Clues
2017407966,Zoo Clues
1806833873,Zoo Orbs
1825325261,Zoo Orbs
1977834742,Zoo Orbs
1833930979,Zoo Orbs: Safari
1829009418,Zoo Orbs: Safari
1698518232,Zoo Orbs: Safari