# 2026-08-30 15:56:07 ; Found 60539 viable session entries from 37457 unique users.
rank,title_id,title,players,percentage
1,267695549,Fortnite,5399,14.4139
2,342226876,Roblox - Xbox,4306,11.4958
3,2001700854,Call of Duty®,2627,7.0134
4,972249091,Grand Theft Auto V,2550,6.8078
5,1828326430,Minecraft,2453,6.5488
6,558797228,Rocket League®,2102,5.6118
7,1794566092,Minecraft Launcher,1701,4.5412
8,2118292977,ARC Raiders,1379,3.6816
9,1696697876,NBA 2K26,1326,3.5401
10,926771636,Tom Clancy's Rainbow Six Siege,1321,3.5267
11,1852068331,EA SPORTS FC™ 26,1168,3.1182
12,2030093255,Forza Horizon 5,1103,2.9447
13,1794906646,Marvel Rivals,881,2.352
14,896928775,Minecraft for Windows,869,2.32
15,1631143456,EA SPORTS™ Madden NFL 26,716,1.9115
16,1840884885,Battlefield™,711,1.8982
17,175227487,Apex Legends™,600,1.6018
18,1746894998,Roblox - Windows,550,1.4684
19,94618376,Overwatch®,524,1.3989
20,2118102995,EA SPORTS™ College Football 26,513,1.3696
21,591405932,Red Dead Redemption 2,509,1.3589
22,102425831,Dead by Daylight,471,1.2574
23,1855024215,"Warhammer 40,000: Space Marine 2",461,1.2307
24,1653663875,EA SPORTS FC™ 25,449,1.1987
25,1256782258,Fallout 4,399,1.0652
26,1993685552,UFC® 5,361,0.9638
27,1924639289,HELLDIVERS™ 2,310,0.8276
28,332913499,Fallout 76,282,0.7529
29,1732013402,Grounded 2 (Game Preview),263,0.7021
30,1876694512,Madden NFL 25,260,0.6941
31,2106683993,skate.™ (Game Preview),252,0.6728
32,812065290,Halo: The Master Chief Collection,232,0.6194
33,1717113201,Sea of Thieves: 2026 Edition,225,0.6007
34,629270283,Gang Beasts,222,0.5927
35,2119939858,NHL® 26 Xbox Series X|S,221,0.59
36,2043073184,Halo Infinite,220,0.5873
37,1766088016,Farming Simulator 25,218,0.582
38,171869406,War Thunder,206,0.55
39,85494077,Microsoft Solitaire Collection,197,0.5259
40,1992453063,Among Us,196,0.5233
41,1947812162,WWE 2K25,192,0.5126
42,1198088771,FOR HONOR,182,0.4859
43,2003727579,Call of Duty®: Modern Warfare® III,181,0.4832
44,1759802069,EA SPORTS™ College Football 25,181,0.4832
45,389597738,Terraria,177,0.4725
46,687339341,Brawlhalla,168,0.4485
47,1657391528,NBA 2K25,164,0.4378
48,1693340366,Hogwarts Legacy,162,0.4325
49,1892245301,ELDEN RING,158,0.4218
50,777107394,DayZ,157,0.4191
51,1766989558,MLB® The Show™ 25,157,0.4191
52,2108722049,Resident Evil Village,156,0.4165
53,207015551,theHunter: Call of the Wild™,155,0.4138
54,144389848,Destiny 2,153,0.4085
55,1946353878,Highguard,150,0.4005
56,1096157379,COD: Black Ops II,149,0.3978
57,252034287,The Elder Scrolls V: Skyrim Special Edition,149,0.3978
58,1482870140,Warframe,148,0.3951
59,2139646219,VALORANT,147,0.3925
60,1928988061,ARK: Survival Ascended,143,0.3818
61,1797327516,Palworld,142,0.3791
62,374923716,Gears 5,141,0.3764
63,950328474,PUBG: BATTLEGROUNDS,139,0.3711
64,1959007243,Call of Duty®: Modern Warfare® II,135,0.3604
65,2013614379,Fall Guys,133,0.3551
66,1730755212,Mortal Kombat™ 1,131,0.3497
67,2099828114,THE FINALS,131,0.3497
68,2019012309,Star Wars Outlaws,129,0.3444
69,833960563,STAR WARS™ Battlefront™ II,129,0.3444
70,222473492,Cyberpunk 2077,125,0.3337
71,80579825,Call of Duty: Black Ops III,124,0.331
72,1696147865,Zenless Zone Zero,124,0.331
73,1848421257,eFootball™,122,0.3257
74,1112737760,Fallout: New Vegas,122,0.3257
75,1623704813,DEATH STRANDING DIRECTOR'S CUT,121,0.323
76,893395429,Rust Console Edition X|S,121,0.323
77,321656011,The Sims™ 4,118,0.315
78,1953759531,Phasmophobia (Game Preview),116,0.3097
79,1852502655,EA SPORTS FC™ 24,113,0.3017
80,1842668909,Forza Motorsport,113,0.3017
81,2053080068,Genshin Impact,113,0.3017
82,1857595573,The Crew Motorfest,113,0.3017
83,1975246356,Baldur's Gate 3,112,0.299
84,2073302268,Ready or Not,110,0.2937
85,1973901376,Diablo® IV,105,0.2803
86,1634930870,REMATCH,103,0.275
87,1931679945,2XKO,101,0.2696
88,140280380,Call of Duty®: WWII,100,0.267
89,1675325475,Drop Duchy - Complete Edition,99,0.2643
90,306230746,Stardew Valley,99,0.2643
91,638965135,Descenders,92,0.2456
92,1985701699,Forza Horizon 4,92,0.2456
93,1769971395,Clair Obscur: Expedition 33,90,0.2403
94,1615644955,Microsoft Flight Simulator 2024,88,0.2349
95,1646963350,NHL® 25 Xbox Series X|S,84,0.2243
96,1878915001,SnowRunner,83,0.2216
97,1671990131,MY HERO ULTRA RUMBLE,82,0.2189
98,352040487,Tom Clancy’s The Division 2,82,0.2189
99,1479758055,Batman™: Arkham Knight,76,0.2029
100,1669427955,ELDEN RING NIGHTREIGN,75,0.2002
101,1668241504,Hollow Knight: Silksong,74,0.1976
102,983730484,ARK: Survival Evolved,73,0.1949
103,465979625,UFC® 4,73,0.1949
104,1938834516,State of Decay 2: Juggernaut Edition,72,0.1922
105,1285166951,The Elder Scrolls Online,72,0.1922
106,2054716369,It Takes Two,71,0.1896
107,1699459210,DRAGON BALL Sparking! ZERO,70,0.1869
108,283303390,Wreckfest,70,0.1869
109,1726497855,PGA TOUR 2K25,68,0.1815
110,1852916479,Resident Evil 4,68,0.1815
111,1965191913,F1® 24,67,0.1789
112,2063087945,PowerWash Simulator 2,67,0.1789
113,346683864,Tom Clancy's Ghost Recon Wildlands,67,0.1789
114,1611895213,Disney Dreamlight Valley,66,0.1762
115,2043906033,MX vs ATV Legends,66,0.1762
116,840116976,World of Tanks Modern Armor,66,0.1762
117,1728105232,Assassin's Creed Valhalla,65,0.1735
118,1019460860,DRAGON BALL XENOVERSE 2,65,0.1735
119,374621264,RESIDENT EVIL 2,64,0.1709
120,964818375,Assassin's Creed Odyssey,63,0.1682
121,1792830437,Balatro,63,0.1682
122,940594756,World War Z,63,0.1682
123,609700427,Call of Duty®: Modern Warfare®,62,0.1655
124,1774692913,Goat Simulator 3,62,0.1655
125,1843269941,Chivalry 2,61,0.1629
126,1161890069,FIGHT NIGHT CHAMPION,61,0.1629
127,1720633196,Minecraft Dungeons,61,0.1629
128,491582364,Need for Speed™ Heat,61,0.1629
129,961090289,Tom Clancy's Ghost Recon Breakpoint,61,0.1629
130,478449077,World of Warships: Legends,61,0.1629
131,1758796660,Wobbly Life,60,0.1602
132,1715349030,Asphalt Legends,59,0.1575
133,1096157269,Call of Duty®: Black Ops,59,0.1575
134,728655825,Plants vs. Zombies™ Garden Warfare 2,59,0.1575
135,1682363458,Avatar: Frontiers of Pandora,58,0.1548
136,623325843,Cuphead,58,0.1548
137,964706972,No Man's Sky,58,0.1548
138,285358298,Mortal Kombat 11,57,0.1522
139,2031971566,A Game About Digging A Hole™,56,0.1495
140,1720309872,Arma Reforger,56,0.1495
141,2105342780,Grounded,56,0.1495
142,2138304024,Rec Room,56,0.1495
143,1790482525,Call of Duty®: Black Ops Cold War,55,0.1468
144,2059211995,Hollow Knight: Voidheart Edition,55,0.1468
145,2068980019,CarX Drift Racing Online,54,0.1442
146,1850827024,F1® 25,54,0.1442
147,2079794073,Starfield,54,0.1442
148,1161890022,Skate 3,53,0.1415
149,1702731390,Supermarket Simulator,53,0.1415
150,2069980568,The First Descendant,53,0.1415
151,1928228122,Borderlands®4,52,0.1388
152,1679027058,Stumble Guys,52,0.1388
153,2008767227,Brotato,51,0.1362
154,1112737749,Fallout 3,51,0.1362
155,2143033449,Monster Hunter Wilds,51,0.1362
156,1855217179,Golf With Your Friends,50,0.1335
157,1891953464,CloverPit,48,0.1281
158,447911394,Far Cry® 5,48,0.1281
159,219630713,Halo 5: Guardians,48,0.1281
160,1830948067,EA SPORTS™ PGA TOUR™,47,0.1255
161,1779135141,Riders Republic™,46,0.1228
162,2103516179,The Outlast Trials,46,0.1228
163,60633334,7 Days to Die,45,0.1201
164,1972007641,Kingdom Come: Deliverance II,45,0.1201
165,1848927238,BALL x PIT,44,0.1175
166,552499398,Gears of War 4,44,0.1175
167,1825113946,PowerWash Simulator,44,0.1175
168,2053555152,Yu-Gi-Oh! Master Duel,44,0.1175
169,1008687929,Mortal Kombat X,43,0.1148
170,2010328709,Assassin's Creed® Mirage,42,0.1121
171,1768256893,FINAL FANTASY VII REMAKE INTERGRADE,42,0.1121
172,1859409710,INDIKA,42,0.1121
173,1961305648,Totally Accurate Battle Simulator,42,0.1121
174,2064168993,Age of Empires II: Definitive Edition,41,0.1095
175,45083076,Injustice™ 2,41,0.1095
176,1145753246,Red Dead Redemption,41,0.1095
177,556718860,Assassin's Creed IV Black Flag,40,0.1068
178,1970218801,Dead by Daylight Windows,40,0.1068
179,783973363,Dead Island 2,40,0.1068
180,1414793202,GTA IV,40,0.1068
181,1874191487,High On Life,40,0.1068
182,1695979902,The Elder Scrolls IV: Oblivion Remastered,40,0.1068
183,792158305,Call of Duty®: Black Ops 4,39,0.1041
184,1925947069,FARCRY 6,39,0.1041
185,308190374,LEGO® Star Wars™: The Skywalker Saga,39,0.1041
186,1777860928,Microsoft Flight Simulator (2020),39,0.1041
187,1719923985,Undisputed,39,0.1041
188,1386529057,Battlefield™ 1,38,0.1014
189,2128602192,Bluey: The Videogame,38,0.1014
190,1667928394,Halo Wars 2,38,0.1014
191,312881568,Human Fall Flat,38,0.1014
192,1749127985,Madden NFL 24,38,0.1014
193,320504455,Middle-earth™: Shadow of War™,38,0.1014
194,504085184,The Crew® 2,38,0.1014
195,1675444836,The Talos Principle 2,38,0.1014
196,1738914043,Assassin's Creed Shadows,37,0.0988
197,1297287815,Fable Anniversary,37,0.0988
198,1829869520,Gears of War: Reloaded,37,0.0988
199,1790216132,Hades,37,0.0988
200,1971845611,Mount & Blade II: Bannerlord,37,0.0988
201,308654313,Overcooked! 2,37,0.0988
202,1879711255,The Outer Worlds 2,37,0.0988
203,530462567,The Witcher 3: Wild Hunt – Complete Edition,37,0.0988
204,1745661457,Valheim (Game Preview),37,0.0988
205,642156375,Crash™ Team Racing Nitro-Fueled,36,0.0961
206,1984680366,Medieval Dynasty,36,0.0961
207,1938832846,STAR WARS Jedi: Survivor™,36,0.0961
208,502034863,Assassin's Creed Origins,35,0.0934
209,1744726864,Enlisted,35,0.0934
210,1096157207,Modern Warfare® 2,35,0.0934
211,1993741445,SMITE 2 (Game Preview),35,0.0934
212,1145574011,Titanfall® 2,35,0.0934
213,183968596,UNO™,35,0.0934
214,415619002,Watch Dogs®2,35,0.0934
215,1808064759,FIFA 22,34,0.0908
216,1854680102,Delta Force,33,0.0881
217,1297287339,Gears of War 3,33,0.0881
218,1684508835,"Warhammer 40,000: Darktide",33,0.0881
219,2014590773,Car Mechanic Simulator 2021,32,0.0854
220,1894513996,CarX Street,32,0.0854
221,72159092,Crash Bandicoot™ N. Sane Trilogy,32,0.0854
222,1832051520,Crime Scene Cleaner,32,0.0854
223,339148107,Insurgency: Sandstorm (Windows),32,0.0854
224,1615991113,New MONOPOLY®,32,0.0854
225,1646978734,Police Simulator: Patrol Officers,32,0.0854
226,1952300170,Battlefield™ 2042,31,0.0828
227,2041731932,Cult of the Lamb,31,0.0828
228,1297287153,Fable II,31,0.0828
229,2111829961,Hell Let Loose,31,0.0828
230,2098787950,Age of Empires IV: Anniversary Edition,30,0.0801
231,1808134657,ANNO : Mutationem,30,0.0801
232,837917131,Deep Rock Galactic,30,0.0801
233,2135594829,Jurassic World Evolution 2,30,0.0801
234,2106583887,TEKKEN 8,30,0.0801
235,830718665,DRAGON BALL Z: KAKAROT,29,0.0774
236,1701108859,HITMAN 3,29,0.0774
237,1731202267,Need for Speed™ Unbound,29,0.0774
238,1651188120,Path of Exile 2 (Game Preview),29,0.0774
239,847310458,South Park™: The Stick of Truth ™,29,0.0774
240,1998461943,Assassin's Creed Unity,28,0.0748
241,608369389,FAR CRY PRIMAL,28,0.0748
242,1972063516,Sifu,28,0.0748
243,2068332202,Abiotic Factor,27,0.0721
244,1096157212,Call of Duty®: WaW,27,0.0721
245,1858883035,CODE VEIN II,27,0.0721
246,1902585111,DOOM: The Dark Ages,27,0.0721
247,15959542,DRAGON BALL FIGHTERZ,27,0.0721
248,1976117247,Path of Titans (Game Preview),27,0.0721
249,1805568255,Trailmakers,27,0.0721
250,1695638358,Vampire Survivors,27,0.0721
251,1793309125,WWE 2K24,27,0.0721
252,256364670,Battlefield™ V,26,0.0694
253,678953862,Borderlands 2,26,0.0694
254,490838306,Fishing Planet,26,0.0694
255,1912862912,Sniper Elite: Resistance,26,0.0694
256,739464821,South Park™: The Fractured but Whole™,26,0.0694
257,453395486,Ultimate Chicken Horse,26,0.0694
258,869175187,A Way Out,25,0.0667
259,1994003829,EA SPORTS™ FIFA 23 Standard Edition,25,0.0667
260,1880744816,Farming Simulator 22,25,0.0667
261,1911989187,Football Manager 26 Console,25,0.0667
262,1841062643,Hunt: Showdown 1896,25,0.0667
263,666757656,Rayman Legends,25,0.0667
264,770775860,RESIDENT EVIL 3 for Windows,25,0.0667
265,2093000869,Slay The Spire,25,0.0667
266,859011533,Assassin's Creed® III Remastered,24,0.0641
267,1671080157,Minecraft Preview,24,0.0641
268,2028249570,MIO: Memories in Orbit,24,0.0641
269,1809107273,NHL® 24,24,0.0641
270,1988609509,PGA TOUR 2K23,24,0.0641
271,1818602982,RoadCraft,24,0.0641
272,2077953041,Clone Drone in the Danger Zone,23,0.0614
273,1041486048,DARK SOULS™ III,23,0.0614
274,331135949,DOOM Eternal (BATTLEMODE),23,0.0614
275,244291844,Far Cry 3 Classic Edition,23,0.0614
276,1999574456,Forza Motorsport 7,23,0.0614
277,1616563209,FragPunk,23,0.0614
278,1028735742,NARUTO SHIPPUDEN™: Ultimate Ninja® STORM 4,23,0.0614
279,1857530883,NASCAR 25,23,0.0614
280,2067705319,NBA 2K24,23,0.0614
281,2013083896,NINJA GAIDEN: Ragebound,23,0.0614
282,1938336894,Sledders,23,0.0614
283,265691378,STEEP,23,0.0614
284,514291876,Assassin's Creed® The Ezio Collection,22,0.0587
285,1465674891,Assetto Corsa,22,0.0587
286,568182861,ASTRONEER,22,0.0587
287,514006173,Batman: Return to Arkham - Arkham City,22,0.0587
288,2076120890,Deep Rock Galactic: Survivor,22,0.0587
289,1297287382,Fable III,22,0.0587
290,1935490407,Little Nightmares Enhanced Edition,22,0.0587
291,1096157387,Modern Warfare® 3,22,0.0587
292,831224608,Need for Speed™ Payback,22,0.0587
293,1631329360,Pixel Strike 3D,22,0.0587
294,1873615541,Pool Blitz,22,0.0587
295,165599118,Prominence Poker,22,0.0587
296,568218779,Resident Evil 5,22,0.0587
297,1693391830,SpongeBob SquarePants™: The Patrick Star Game,22,0.0587
298,945909358,Subnautica,22,0.0587
299,754791096,Call of Duty®: Infinite Warfare,21,0.0561
300,1936845110,Cities: Skylines - Remastered,21,0.0561
301,1367952835,Far Cry® 4,21,0.0561
302,1727396789,FINAL FANTASY,21,0.0561
303,1799461557,NBA 2K23,21,0.0561
304,1966276493,Satisfactory,21,0.0561
305,1680544459,Dying Light: The Beast,20,0.0534
306,2085228810,EA SPORTS™ WRC,20,0.0534
307,1297287213,Gears of War 2,20,0.0534
308,1814675537,Grand Theft Auto: San Andreas – The Definitive Edition,20,0.0534
309,244552082,Left 4 Dead 2,20,0.0534
310,2008623143,NINJA GAIDEN 4,20,0.0534
311,434412541,Rise of the Tomb Raider,20,0.0534
312,790047319,Sekiro™: Shadows Die Twice - GOTY Edition,20,0.0534
313,913783821,Shadow of the Tomb Raider,20,0.0534
314,680942588,STAR WARS Jedi: Fallen Order™,20,0.0534
315,585771792,WATCH_DOGS™,20,0.0534
316,1560034050,Assassin's Creed Syndicate,19,0.0507
317,1484511986,Battlefield 4,19,0.0507
318,756981192,Borderlands 3,19,0.0507
319,830649354,Dying Light,19,0.0507
320,791545701,Goat Simulator,19,0.0507
321,345903534,Minecraft: Xbox One Edition,19,0.0507
322,1479895282,PAYDAY 2: CRIMEWAVE EDITION,19,0.0507
323,651668093,RESIDENT EVIL 7 biohazard,19,0.0507
324,794552001,The Binding of Isaac: Rebirth,19,0.0507
325,1799887933,The Witcher 3: Wild Hunt,19,0.0507
326,872826607,Vigor,19,0.0507
327,2083870981,Who's Your Daddy?!,19,0.0507
328,1877522801,Age of Mythology: Retold,18,0.0481
329,1687693597,Assetto Corsa Competizione,18,0.0481
330,402049843,Black Desert,18,0.0481
331,2113731956,Disney Speedstorm,18,0.0481
332,1289871275,Forza Horizon 3,18,0.0481
333,1707431222,Jurassic World Evolution 3,18,0.0481
334,980944365,Need for Speed™,18,0.0481
335,1989106096,Sid Meier’s Civilization® VI (Windows PC),18,0.0481
336,1703229686,Split Fiction,18,0.0481
337,1687588412,Street Fighter™ 6,18,0.0481
338,1877908426,Tony Hawk's™ Pro Skater™ 3 + 4,18,0.0481
339,1879115757,Trackmania®,18,0.0481
340,875417719,Call of Duty®: Advanced Warfare,17,0.0454
341,2067022016,Call of the Wild: The Angler™,17,0.0454
342,921016611,Crossout,17,0.0454
343,2117764661,Diablo III: Reaper of Souls – Ultimate Evil Edition,17,0.0454
344,2041941014,Diablo® II: Resurrected™,17,0.0454
345,415563833,DiRT Rally 2.0,17,0.0454
346,1753744295,"Little Kitty, Big City",17,0.0454
347,1192666733,Mafia III,17,0.0454
348,1414793208,MCLA: Complete,17,0.0454
349,749311689,Plants vs. Zombies: Battle for Neighborville™,17,0.0454
350,2132429347,Risk of Rain 2,17,0.0454
351,56347639,Spyro™ Reignited Trilogy,17,0.0454
352,1733257076,Teardown,17,0.0454
353,74304278,Tom Clancy’s The Division,17,0.0454
354,951560105,Control,16,0.0427
355,2142027917,Fallout Shelter,16,0.0427
356,1711563707,House Flipper,16,0.0427
357,1833503116,MARVEL Cosmic Invasion,16,0.0427
358,1812294496,Mecha BREAK,16,0.0427
359,1865076226,MLB® The Show™ 24 Xbox One,16,0.0427
360,1480660055,MONOPOLY PLUS,16,0.0427
361,1837410971,NARAKA: BLADEPOINT,16,0.0427
362,2021110805,Roblox - Not Supported,16,0.0427
363,1652862446,Super Mega Baseball™ 4,16,0.0427
364,1768081511,Crusader Kings III,15,0.04
365,2032762484,Descenders Next (Game Preview),15,0.04
366,143716413,Dragon Age™: The Veilguard,15,0.04
367,470244957,LEGO Marvel Super Heroes,15,0.04
368,988203152,Stellaris,15,0.04
369,1756421327,Teenage Mutant Ninja Turtles: Shredder's Revenge,15,0.04
370,2040514027,Terminull Brigade™,15,0.04
371,1997201494,Aliens: Fireteam Elite,14,0.0374
372,2120976389,Banishers: Ghosts of New Eden,14,0.0374
373,572802557,Call of Duty®: Ghosts,14,0.0374
374,1668430766,Cities: Skylines II,14,0.0374
375,1030018025,Halo Wars: Definitive Edition (PC),14,0.0374
376,1821999049,High On Life 2,14,0.0374
377,68553410,Kingdom Come: Deliverance,14,0.0374
378,2019267377,Madden NFL 23,14,0.0374
379,2035760753,PAW Patrol World,14,0.0374
380,828985924,Resident Evil 6,14,0.0374
381,945976112,Rush: A DisneyPixar Adventure,14,0.0374
382,724369121,Saints Row,14,0.0374
383,1949242128,SILENT HILL 2,14,0.0374
384,2046562785,Avowed,13,0.0347
385,2097321401,Blue Prince,13,0.0347
386,245236582,Celeste,13,0.0347
387,125226722,DARK SOULS™: REMASTERED,13,0.0347
388,2097945335,F1® 23,13,0.0347
389,58472989,Killer Instinct,13,0.0347
390,1480657407,Plants vs. Zombies,13,0.0347
391,1922695178,PlateUp!,13,0.0347
392,1633340711,Spray Paint Simulator,13,0.0347
393,1880835530,Atomfall,12,0.032
394,1414793189,Civilization Revolution,12,0.032
395,1843804163,Cooking Simulator,12,0.032
396,810101074,Dead Cells,12,0.032
397,1855426799,FINAL FANTASY XIV Online,12,0.032
398,1931936981,Goat Simulator: Remastered (Windows Edition),12,0.032
399,1766089184,GoldenEye 007,12,0.032
400,1792227428,Indiana Jones and the Great Circle,12,0.032
401,2110891029,KILL IT WITH FIRE! 2,12,0.032
402,2054685746,Mass Effect™ Legendary Edition,12,0.032
403,2003863742,Microsoft Jigsaw,12,0.032
404,346797032,MX vs ATV All Out,12,0.032
405,1013969466,NARUTO TO BORUTO: SHINOBI STRIKER,12,0.032
406,1696456823,NBA 2K22,12,0.032
407,1863849961,Palia,12,0.032
408,2093153073,Party Animals,12,0.032
409,1840066568,Pigeon Simulator,12,0.032
410,860666361,Plants vs. Zombies Garden Warfare,12,0.032
411,1994868821,Predecessor,12,0.032
412,531437752,Rogue Company,12,0.032
413,367254866,Sleeping Dogs™ Definitive Edition,12,0.032
414,1681220621,STAR WARS™ Battlefront™,12,0.032
415,1737329553,Total War: Warhammer III (Old Version),12,0.032
416,1961670808,UFL,12,0.032
417,1955966351,Black Myth: Wukong,11,0.0294
418,2154930,Call of Duty®: Modern Warfare® Remastered,11,0.0294
419,422207632,Castle Crashers Remastered,11,0.0294
420,748474487,Cities: Skylines - Windows 10 Edition,11,0.0294
421,199746733,Conan Exiles,11,0.0294
422,1985019983,Crash Bandicoot™ 4: It’s About Time,11,0.0294
423,196631666,EA SPORTS™ FIFA 20,11,0.0294
424,1673618851,Egging On,11,0.0294
425,401515813,Enter The Gungeon,11,0.0294
426,655591242,Far Cry® New Dawn,11,0.0294
427,1946419297,Jump Space (Game Preview),11,0.0294
428,1175562227,Just Cause 3,11,0.0294
429,627891457,Little Nightmares II Enhanced Edition,11,0.0294
430,2083429980,Nickelodeon All-Star Brawl 2,11,0.0294
431,1000604311,Resident Evil Revelations 2 (Episode One),11,0.0294
432,1874517142,Retro Classics,11,0.0294
433,1911508378,RoboCop: Rogue City,11,0.0294
434,1953745880,Roboquest,11,0.0294
435,2005028938,S.T.A.L.K.E.R. 2: Heart of Chornobyl - Windows Edition,11,0.0294
436,1861545287,Tainted Grail: The Fall of Avalon,11,0.0294
437,2040766801,Test Drive Unlimited Solar Crown,11,0.0294
438,826545257,Tomb Raider: Definitive Edition,11,0.0294
439,1935604508,Train Sim World® 5: Free Starter Pack,11,0.0294
440,1797047526,Voidtrain,11,0.0294
441,1676173709,Wizard101,11,0.0294
442,2109806164,World of Outlaws: Dirt Racing 24,11,0.0294
443,210179407,Back 4 Blood,10,0.0267
444,20391045,Batman: Return to Arkham - Arkham Asylum,10,0.0267
445,1540549950,DARK SOULS™ II: Scholar of the First Sin,10,0.0267
446,247546985,Destiny,10,0.0267
447,1907796436,DREDGE,10,0.0267
448,834001943,Dying Light 2: Stay Human - Reloaded Edition,10,0.0267
449,1761289795,FIFA 21,10,0.0267
450,1664487314,Football Manager 26,10,0.0267
451,1611051325,Grand Theft Auto: Vice City – The Definitive Edition,10,0.0267
452,1725517447,House Flipper 2,10,0.0267
453,423941531,LEGO® Harry Potter™ Collection,10,0.0267
454,1846145161,Metaphor: ReFantazio,10,0.0267
455,1045960524,Metro Exodus,10,0.0267
456,2103789015,Monster Hunter Rise,10,0.0267
457,226054795,MONSTER HUNTER: WORLD™,10,0.0267
458,1754663581,MULLET MADJACK,10,0.0267
459,42235288,Neverwinter,10,0.0267
460,2114908664,Quarantine Zone: The Last Check,10,0.0267
461,939455454,resident evil 4 (2005),10,0.0267
462,1621567212,ROUTINE,10,0.0267
463,1708767297,Ryse: Son of Rome,10,0.0267
464,712238930,Saints Row 2,10,0.0267
465,1785898011,Sid Meier’s Civilization® VII,10,0.0267
466,1843596190,SPLITGATE: Arena Reloaded,10,0.0267
467,1684061010,SWORN,10,0.0267
468,1801842805,Throne and Liberty,10,0.0267
469,1707142453,WWE 2K23,10,0.0267
470,2122418461,Bratz® Rhythm & Style,9,0.024
471,2128853757,Cricket 24,9,0.024
472,2032937393,Cup Heroes,9,0.024
473,821136798,DC Universe Online,9,0.024
474,2008403666,Dead Space,9,0.024
475,1327376519,DOOM,9,0.024
476,69094388,EA SPORTS™ FIFA 17,9,0.024
477,722006140,EA SPORTS™ UFC® 3,9,0.024
478,1867148258,eFootball PES 2021 SEASON UPDATE,9,0.024
479,1702196563,Frostpunk 2,9,0.024
480,1475571605,Gears of War: Ultimate Edition,9,0.024
481,416597888,Hungry Shark® World,9,0.024
482,1876744786,Killing Floor 3,9,0.024
483,813411968,LEGO® Marvel Super Heroes 2,9,0.024
484,1675504069,Mafia: Definitive Edition,9,0.024
485,1414793323,Max Payne 3,9,0.024
486,2041142160,Maximum Football,9,0.024
487,148020354,METAL GEAR SOLID V: THE PHANTOM PAIN,9,0.024
488,1777477395,MLB® The Show™ 21 Xbox Series X | S,9,0.024
489,2119739112,Monster Train 2,9,0.024
490,2029805012,MultiVersus,9,0.024
491,1613480279,NBA 2K20,9,0.024
492,1997252569,Need for Speed™ Hot Pursuit Remastered,9,0.024
493,1864882669,Persona 4 Golden,9,0.024
494,1931947471,Persona 5 Royal,9,0.024
495,1065708874,Skull and Bones,9,0.024
496,625948041,Slime Rancher,9,0.024
497,1134837784,SMITE,9,0.024
498,1771004118,Sniper Elite 5,9,0.024
499,1705990324,Space Engineers,9,0.024
500,862712929,Star Trek Online,9,0.024
501,2081484036,Superliminal,9,0.024
502,1706610063,The Alters,9,0.024
503,2120287235,Truck World: Australia - First Haul,9,0.024
504,1880727250,Unpacking,9,0.024
505,1846016063,"Warhammer 40,000: Rogue Trader",9,0.024
506,309834943,Wheel Of Fortune®,9,0.024
507,2008811924,Wolfenstein II: The New Colossus,9,0.024
508,1712074146,WUCHANG: Fallen Feathers,9,0.024
509,341687485,3on3 FreeStyle,8,0.0214
510,2042287543,Aliens: Dark Descent,8,0.0214
511,954605110,Assassin’s Creed® Rogue Remastered,8,0.0214
512,1025057816,Battle Ages,8,0.0214
513,1822990481,BLEACH Rebirth of Souls,8,0.0214
514,1764318423,Call of Duty®: Vanguard,8,0.0214
515,528369592,Devil May Cry HD Collection,8,0.0214
516,2136041956,DOOM 64,8,0.0214
517,1621683201,Dragon's Dogma 2,8,0.0214
518,2131572088,Evil West,8,0.0214
519,1691448998,Farm Together 2,8,0.0214
520,433376346,FIFA 18,8,0.0214
521,1940322572,Five Nights at Freddy's,8,0.0214
522,1715352825,Five Nights at Freddy's 2,8,0.0214
523,597771444,Gems of War,8,0.0214
524,2079828144,Holdfast: Nations At War,8,0.0214
525,1674901200,Inscryption,8,0.0214
526,1792638437,Lost Records: Bloom & Rage,8,0.0214
527,1908796053,NASCAR Heat 5,8,0.0214
528,856376259,NBA 2K19,8,0.0214
529,2115352193,Pacific Drive,8,0.0214
530,442175237,Peggle,8,0.0214
531,1713510228,RIDE 5,8,0.0214
532,1933718863,SUPERHOT: MIND CONTROL DELETE,8,0.0214
533,645502086,The Four Kings Casino and Slots,8,0.0214
534,2122392131,Winter Burrow,8,0.0214
535,1480657236,Banjo-Kazooie,7,0.0187
536,972461615,Battle Islands,7,0.0187
537,1983212679,Bloons TD 6,7,0.0187
538,1670026911,BMX Streets,7,0.0187
539,366337421,Borderlands: Game of the Year Edition,7,0.0187
540,482947130,Clicker Heroes,7,0.0187
541,1794039305,Coral Island,7,0.0187
542,527255540,Dishonored 2,7,0.0187
543,1033937373,Don't Starve Together: Console Edition,7,0.0187
544,1714795112,DOOM + DOOM II,7,0.0187
545,1480657521,Doritos Crash Course,7,0.0187
546,935319545,FIFA 19,7,0.0187
547,1790217657,Five Nights at Freddy's 4,7,0.0187
548,1297287625,Forza Horizon,7,0.0187
549,850118036,Generation Zero®,7,0.0187
550,1777668222,GRID Legends,7,0.0187
551,1705097731,Halls of Torment,7,0.0187
552,1997835037,I Am Your Beast,7,0.0187
553,1687388278,KINGDOM HEARTS - HD 1.5+2.5 ReMIX -,7,0.0187
554,25952469,Kingdom Two Crowns,7,0.0187
555,975846135,LEGO® DC Super-Villains,7,0.0187
556,1029888556,LEGO® Jurassic World™,7,0.0187
557,2071061510,Lies of P,7,0.0187
558,504827243,Life Is Strange,7,0.0187
559,1741206400,Little Nightmares III,7,0.0187
560,1889714780,Lords of the Fallen,7,0.0187
561,2029730324,Mad Max,7,0.0187
562,148078765,Madden NFL 20,7,0.0187
563,511110146,Metro: Last Light Redux,7,0.0187
564,1703086168,Microsoft Sudoku,7,0.0187
565,2136035101,Monopoly Madness,7,0.0187
566,956568979,Need for Speed Rivals,7,0.0187
567,1659804324,Ori and the Will of the Wisps,7,0.0187
568,1670311038,Persona 3 Reload,7,0.0187
569,2037306921,Poppy Playtime: Chapter 3,7,0.0187
570,1653442250,ROUNDS,7,0.0187
571,1903138273,Sonic Frontiers,7,0.0187
572,2111887267,Sonic Racing: CrossWorlds,7,0.0187
573,2037196689,SpongeBob SquarePants: Titans of the Tide,7,0.0187
574,801251286,Stick Fight: The Game,7,0.0187
575,256913032,TEKKEN 7,7,0.0187
576,759485819,The Escapists 2,7,0.0187
577,1762703770,The Lord of the Rings: Return to Moria™,7,0.0187
578,1740172423,Totally Reliable Delivery Service,7,0.0187
579,19060482,Trials® Rising,7,0.0187
580,591371027,Trove,7,0.0187
581,895890707,ULTIMATE MARVEL VS. CAPCOM 3,7,0.0187
582,1669281297,War Robots: Frontiers,7,0.0187
583,84790147,Watch Dogs®: Legion,7,0.0187
584,2021058326,Way of the Hunter,7,0.0187
585,659391373,WWE 2K16,7,0.0187
586,1744345373,WWE 2K22,7,0.0187
587,1793764669,Zombie Army 4: Dead War,7,0.0187
588,300763685,ACE COMBAT™ 7: SKIES UNKNOWN,6,0.016
589,2142076307,Anno 1800™,6,0.016
590,230716687,Biomutant,6,0.016
591,1984504844,Bleach: Brave Souls Anime Game,6,0.016
592,1841011808,Blizzard® Arcade Collection,6,0.016
593,1986852796,Brews & Bastards,6,0.016
594,1414793242,Bully Scholarship Ed.,6,0.016
595,59903186,Call of Duty®: Modern Warfare® 2 Campaign Remastered,6,0.016
596,5433956,Dead Island Definitive Edition,6,0.016
597,1910114469,Deadzone: Rogue,6,0.016
598,2045404355,Dome Keeper,6,0.016
599,1797553917,DYNASTY WARRIORS: ORIGINS,6,0.016
600,1817185896,Easy Red 2,6,0.016
601,2089461712,Expeditions: A MudRunner Game,6,0.016
602,1928512137,FBC: Firebreak,6,0.016
603,607966981,FINAL FANTASY VII,6,0.016
604,1714434521,Firefighting Simulator - The Squad,6,0.016
605,927474846,Firewatch,6,0.016
606,2047911802,For The King II,6,0.016
607,446059611,Forza Horizon 2,6,0.016
608,1297287254,Fuzion Frenzy®,6,0.016
609,1860089403,Ghostwire: Tokyo,6,0.016
610,1414793400,Grand Theft Auto: San Andreas,6,0.016
611,1880089265,Guilty Gear -Strive-,6,0.016
612,1480657258,Hydro Thunder,6,0.016
613,885488152,INSIDE,6,0.016
614,1480659550,Joy Ride Turbo,6,0.016
615,164371165,LEGO Star Wars: TCS,6,0.016
616,398011207,LIMBO,6,0.016
617,1944276274,Little Rocket Lab,6,0.016
618,1263405066,METAL GEAR RISING: REVENGEANCE,6,0.016
619,1824138520,Mirror's Edge™ Catalyst,6,0.016
620,1655054632,My Friendly Neighborhood,6,0.016
621,1817032347,My Little Pony: A Zephyr Heights Mystery,6,0.016
622,2128546794,NARUTO X BORUTO Ultimate Ninja STORM CONNECTIONS,6,0.016
623,1820656575,NHL® 23,6,0.016
624,2128854962,One Lonely Outpost,6,0.016
625,682404126,Paladins,6,0.016
626,903593533,Path of Exile,6,0.016
627,1877956827,Peppa Pig: World Adventures,6,0.016
628,1893542225,PIPE by BMX Streets,6,0.016
629,1768466312,Poppy Playtime: Chapter 2,6,0.016
630,200732952,Project CARS 2,6,0.016
631,767263759,Rock Band 4,6,0.016
632,429066719,Saints Row IV: Re-Elected,6,0.016
633,1397033053,Sonic & All-Stars Racing Transformed,6,0.016
634,1397032978,SONIC UNLEASHED,6,0.016
635,1704490079,South of Midnight,6,0.016
636,1645572933,Starlit Kart Racing,6,0.016
637,2030752353,The Binding of Isaac: Repentance,6,0.016
638,1795379754,The Walking Dead: The Complete First Season,6,0.016
639,422246343,Tom Clancy’s Rainbow Six® Extraction,6,0.016
640,1112934373,Toy Story 3,6,0.016
641,1185249228,Trials Fusion,6,0.016
642,995095203,Warface: Clutch,6,0.016
643,2013541297,"Warhammer 40,000: Space Marine - Master Crafted Edition",6,0.016
644,71300661,ACA NEOGEO THE KING OF FIGHTERS 2002,5,0.0133
645,1693830737,Alan Wake 2,5,0.0133
646,1723509320,Amazing Frog? (Game Preview),5,0.0133
647,8769689,Ancestors: The Humankind Odyssey,5,0.0133
648,1682965706,Another Crab's Treasure,5,0.0133
649,2030524086,As Dusk Falls,5,0.0133
650,1480657456,BattleBlock Theater,5,0.0133
651,1890581353,Blasphemous,5,0.0133
652,1246613109,Borderlands: The Pre-Sequel,5,0.0133
653,1801055182,Bounty Star,5,0.0133
654,1161889989,Brütal Legend,5,0.0133
655,386788672,Cars 3: Driven to Win,5,0.0133
656,1863597561,Coloring Book,5,0.0133
657,824378203,Crackdown 3: Campaign,5,0.0133
658,2004944930,Crime Simulator,5,0.0133
659,856892583,Darksiders II Deathinitive Edition,5,0.0133
660,1911932812,DIRT 5,5,0.0133
661,686783342,Divinity: Original Sin 2 - Definitive Edition,5,0.0133
662,2068802336,Drift Legends 2,5,0.0133
663,1689264723,FIFA 15,5,0.0133
664,427070178,FINAL FANTASY X/X-2 HD Remaster,5,0.0133
665,1663711933,FINAL FANTASY XVI,5,0.0133
666,1884682689,Five Nights at Freddy's: Security Breach,5,0.0133
667,1297287125,Gears of War,5,0.0133
668,2103079736,Hamster Playground,5,0.0133
669,1480656849,Hexic HD,5,0.0133
670,1774172067,HOT WHEELS UNLEASHED™ 2 - Turbocharged,5,0.0133
671,1639666819,INAZUMA ELEVEN: Victory Road,5,0.0133
672,1898092029,Inops,5,0.0133
673,2123297300,JoJo's Bizarre Adventure: All-Star Battle R,5,0.0133
674,1012216522,Just Cause 4,5,0.0133
675,2122788273,Keeper,5,0.0133
676,564131151,Kerbal Space Program Enhanced Edition,5,0.0133
677,1857859131,Lara Croft and the Temple of Osiris,5,0.0133
678,491595024,LEGO Batman,5,0.0133
679,867642949,LEGO® Worlds,5,0.0133
680,1771989345,Lightyear Frontier (Game Preview),5,0.0133
681,1693050229,Madden NFL 22,5,0.0133
682,1964043658,Mafia II: Definitive Edition,5,0.0133
683,1853524575,Mafia: The Old Country,5,0.0133
684,1590411380,Mass Effect™: Andromeda,5,0.0133
685,1653696130,Microsoft Mahjong,5,0.0133
686,1998994208,Monster Energy Supercross - The Official Videogame 3,5,0.0133
687,1931921361,Monster Energy Supercross - The Official Videogame 5,5,0.0133
688,2036178233,Monster Energy Supercross 25 - The Official Video Game,5,0.0133
689,105831487,NARUTO SHIPPUDEN™: Ultimate Ninja® STORM 3 Full Burst,5,0.0133
690,559544937,Ori and the Blind Forest: Definitive Edition,5,0.0133
691,2024220276,Phantasy Star Online 2 New Genesis,5,0.0133
692,1871994086,Planet Zoo: Console Edition,5,0.0133
693,2098044337,Poppy Playtime: Chapter 4,5,0.0133
694,907086072,Prey,5,0.0133
695,515050978,Rare Replay,5,0.0133
696,1658810016,Resident Evil Requiem,5,0.0133
697,2073736638,Scrabble,5,0.0133
698,1946484624,Session: Skate Sim,5,0.0133
699,1931911684,Shredders,5,0.0133
700,1830825388,SILENT HILL f,5,0.0133
701,1884079219,Slime Rancher 2,5,0.0133
702,1649097896,SnowRunner - Windows,5,0.0133
703,884612576,Sonic Mania,5,0.0133
704,1853160773,STAR WARS™: Battlefront Classic Collection,5,0.0133
705,1618827907,Starbound,5,0.0133
706,1936930219,Tell Me Why,5,0.0133
707,1688839217,The Elder Scrolls V: Skyrim Special Edition (PC),5,0.0133
708,1649441503,The Game of Life 2,5,0.0133
709,119262432,The Jackbox Party Pack 3,5,0.0133
710,690285705,The Long Dark,5,0.0133
711,1649660694,The Texas Chain Saw Massacre,5,0.0133
712,2051131113,TopSpin 2K25,5,0.0133
713,1761802913,Total Chaos,5,0.0133
714,2028925271,Trepang2,5,0.0133
715,1480657242,Trials HD,5,0.0133
716,580901123,Tropico 6,5,0.0133
717,409741425,Worms W.M.D,5,0.0133
718,1779788068,9 Kings (Game Preview),4,0.0107
719,2089483628,A Plague Tale: Requiem,4,0.0107
720,433738637,Adventure Time: Pirates of the Enchiridion,4,0.0107
721,1755599316,Age of Empires Definitive Edition,4,0.0107
722,2038330799,Aimlabs,4,0.0107
723,1161890070,Alice: Madness Returns,4,0.0107
724,1941033112,Anno 117: Pax Romana,4,0.0107
725,1754564226,Atlas Fallen: Reign of Sand (Windows),4,0.0107
726,996030243,BioShock 2 Remastered,4,0.0107
727,699731308,BioShock Infinite: The Complete Edition,4,0.0107
728,1037514907,Burnout™ Paradise Remastered,4,0.0107
729,1096157436,Call of Duty®: Ghosts,4,0.0107
730,2079414802,CATAN® - Console Edition,4,0.0107
731,1963141187,Crypt Custodian,4,0.0107
732,1161889999,Dante's Inferno™,4,0.0107
733,1267471686,DEAD OR ALIVE 5 Last Round: Core Fighters,4,0.0107
734,1700051314,Deceit 2,4,0.0107
735,924775200,Devil May Cry 5,4,0.0107
736,1943631392,Digimon Story Time Stranger,4,0.0107
737,791051466,Disneyland Adventures,4,0.0107
738,1161889984,Dragon Age: Origins,4,0.0107
739,976905576,Dragon Age™: Inquisition,4,0.0107
740,136002788,Farming Simulator 19,4,0.0107
741,1613695074,Five Nights at Freddy's 3,4,0.0107
742,2067126551,Forza Motorsport 5,4,0.0107
743,1712655251,Garten of Banban 1,4,0.0107
744,2035456122,Grand Theft Auto VI,4,0.0107
745,1949704395,Green Hell,4,0.0107
746,2102232082,Heretic + Hexen,4,0.0107
747,1022544763,HITMAN™,4,0.0107
748,5117102,HITMAN™ 2,4,0.0107
749,964019698,Immortals Fenyx Rising™,4,0.0107
750,40509624,KINGDOM HEARTS Ⅲ,4,0.0107
751,821886458,LEGO® Batman™ 2,4,0.0107
752,640703885,LEGO® Marvel's Avengers,4,0.0107
753,572268056,Little Nightmares,4,0.0107
754,2081060870,Maneater,4,0.0107
755,1719118099,Manor Lords (Game Preview),4,0.0107
756,1649675719,Max: The Curse of Brotherhood,4,0.0107
757,1955779192,MechWarrior 5: Clans,4,0.0107
758,2014650813,Minecraft: Story Mode - Episode 1: The Order of the Stone,4,0.0107
759,1096157158,Modern Warfare®,4,0.0107
760,1867295360,Monster Sanctuary,4,0.0107
761,2000897177,Mortal Kombat: Legacy Kollection,4,0.0107
762,1873450782,MXGP 2020 - The Official Motocross Videogame,4,0.0107
763,374430704,NBA 2K17,4,0.0107
764,2006666244,NBA 2K21,4,0.0107
765,1882004205,Neon Abyss,4,0.0107
766,1900564739,New Super Lucky's Tale,4,0.0107
767,1112737745,Oblivion,4,0.0107
768,1987587652,Overcooked! All You Can Eat,4,0.0107
769,2119541613,Paint the Town Red,4,0.0107
770,1960926264,Phoenix Point,4,0.0107
771,1606375163,Pinball FX3,4,0.0107
772,1728022534,Plants vs. Zombies™: Replanted,4,0.0107
773,1731967517,Prison Escape Simulator,4,0.0107
774,1745314691,Psychonauts 2,4,0.0107
775,1843641391,Quake,4,0.0107
776,2021412862,Raft,4,0.0107
777,914276891,RAGE 2,4,0.0107
778,1789091683,Rain World,4,0.0107
779,1469186547,Resident Evil 0,4,0.0107
780,1128466461,Resident Evil Operation Raccoon City,4,0.0107
781,1822591938,Revenge of the Savage Planet,4,0.0107
782,2042908226,Rugby League 26,4,0.0107
783,34441781,Saints Row The Third Remastered,4,0.0107
784,1947019474,ScootX,4,0.0107
785,275132544,SEGA® Genesis Classics™,4,0.0107
786,978050046,ShellShock Live,4,0.0107
787,1263405125,Silent Hill:  HD Collection,4,0.0107
788,1161889919,Skate 2,4,0.0107
789,883004381,skate. (2007),4,0.0107
790,100764563,Sniper Elite 4,4,0.0107
791,1785174857,Spelunky 2,4,0.0107
792,1848367053,Star Trucker,4,0.0107
793,1112934455,Star Wars Battlefront II,4,0.0107
794,2000011414,Starlit Adventures,4,0.0107
795,1941663847,Starship Troopers: Extermination,4,0.0107
796,155936527,Street Fighter 30th Anniversary Collection,4,0.0107
797,1040009086,Super Lucky's Tale,4,0.0107
798,2017944493,Super Mega Baseball 3,4,0.0107
799,2028975703,Superball,4,0.0107
800,1779181957,Tavern Manager Simulator,4,0.0107
801,144439061,The Evil Within,4,0.0107
802,1793645165,THE KING OF FIGHTERS XV Standard Edition,4,0.0107
803,1678459920,Towerborne,4,0.0107
804,327364101,Trackmania® Turbo,4,0.0107
805,1945435013,TRIVIAL PURSUIT Live! 2,4,0.0107
806,1479999542,Unravel,4,0.0107
807,974586226,We Happy Few,4,0.0107
808,1677025209,Wolfenstein: The New Order,4,0.0107
809,33936946,Zoo Tycoon: Ultimate Animal Collection,4,0.0107
810,1664723386,Afterimage,3,0.008
811,2083780130,Against the Storm,3,0.008
812,2016203684,Alaskan Road Truckers: Highway Edition,3,0.008
813,1115757811,Alien: Isolation,3,0.008
814,588577476,ARCADE GAME SERIES: GALAGA,3,0.008
815,1976275779,ARMORED CORE™ VI FIRES OF RUBICON™,3,0.008
816,1431504852,Assassin's Creed,3,0.008
817,1715865995,Back to the Dawn,3,0.008
818,2140283055,Baldur's Gate and Baldur's Gate II: Enhanced Editions,3,0.008
819,233177124,Battle Islands: Commanders,3,0.008
820,1662853043,Blasphemous 2,3,0.008
821,1297287893,Blinx: The Time Sweeper,3,0.008
822,1617823540,Bomb Rush Cyberfunk,3,0.008
823,1865197952,Boomerang Fu,3,0.008
824,1414793191,Borderlands,3,0.008
825,1161889756,Burnout Revenge,3,0.008
826,1096157153,Call of Duty® 3,3,0.008
827,908734579,Carmageddon: Max Damage,3,0.008
828,1880193218,Century: Age of Ashes,3,0.008
829,793598300,CODE VEIN,3,0.008
830,1777786002,Commandos: Origins,3,0.008
831,1747946954,Construction Simulator,3,0.008
832,2019604779,Cricket 26 - The Official Game of the Ashes,3,0.008
833,1618801140,CRISIS CORE –FINAL FANTASY VII– REUNION,3,0.008
834,2123216194,Crysis 2 Remastered,3,0.008
835,1313671226,Dark Souls™,3,0.008
836,524859112,Darksiders III,3,0.008
837,1161889879,Dead Space,3,0.008
838,1628098590,Destroy All Humans! 2 - Reprobed,3,0.008
839,1821472434,Disciples: Liberation,3,0.008
840,1748951836,Disco Elysium - The Final Cut,3,0.008
841,1682154324,DPS Idle,3,0.008
842,1954227024,DRAGON BALL: THE BREAKERS,3,0.008
843,1743457512,DRAGON QUEST BUILDERS 2,3,0.008
844,439107693,Dungeon Defenders II,3,0.008
845,1804401706,F1® 22 Xbox Series X|S,3,0.008
846,1885859783,FATAL FURY: City of the Wolves,3,0.008
847,1414596568,Frontlines:Fuel of War,3,0.008
848,1692871917,Frozen Free Fall: Snowball Fight,3,0.008
849,1696603875,Gas Station Simulator,3,0.008
850,1955542194,Grand Theft Auto III – The Definitive Edition,3,0.008
851,1297287259,Halo: Reach,3,0.008
852,1761060600,Happy Wars,3,0.008
853,387693234,Hawken,3,0.008
854,1835926818,Hellblade II: Senua's Saga,3,0.008
855,859843286,Hellblade: Senua's Sacrifice,3,0.008
856,605932637,Hello Neighbor,3,0.008
857,1927102516,Herdling,3,0.008
858,1802207786,HOT WHEELS UNLEASHED™ - Windows Edition,3,0.008
859,1678225803,Idle Wizard,3,0.008
860,218079485,Injustice: Gods Among Us,3,0.008
861,1611225628,JDM: Japanese Drift Master,3,0.008
862,1906459372,Judgment,3,0.008
863,819720203,JUMP FORCE,3,0.008
864,504518218,L.A. Noire,3,0.008
865,13980132,Left 4 Dead,3,0.008
866,1651525052,Life is Strange: Before the Storm Remastered,3,0.008
867,1962388658,Like a Dragon: Pirate Yakuza in Hawaii,3,0.008
868,1128466480,Lost Planet 3,3,0.008
869,1249526091,Madden NFL 16,3,0.008
870,506903100,Madden NFL 18,3,0.008
871,1970109802,Madden NFL 21,3,0.008
872,2110974782,MARVEL vs. CAPCOM Fighting Collection: Arcade Classics,3,0.008
873,1803631176,MechWarrior 5: Mercenaries,3,0.008
874,333701857,Mega Man X Legacy Collection,3,0.008
875,1889321756,Microsoft Minesweeper,3,0.008
876,293003647,Microsoft Wordament,3,0.008
877,1639060910,Minecraft Legends - Windows,3,0.008
878,1906370210,Minecraft: Java Edition,3,0.008
879,1997603662,Minion Masters,3,0.008
880,1919875042,MLB® The Show™ 22 Xbox Series X | S,3,0.008
881,731662901,Monster Energy Supercross - The Official Videogame,3,0.008
882,1688832803,Monster Energy Supercross - The Official Videogame 6,3,0.008
883,1742982949,MotoGP™24,3,0.008
884,1777116945,Moving Out 2,3,0.008
885,1070680307,MudRunner,3,0.008
886,893913058,MX Unleashed,3,0.008
887,1414596574,MX vs. ATV: Untamed,3,0.008
888,1891931390,MXGP 2021 - The Official Motocross Videogame,3,0.008
889,1676550189,MY HERO ONE'S JUSTICE 2,3,0.008
890,469309830,NARUTO™: Ultimate Ninja® STORM,3,0.008
891,1909911128,NASCAR Heat 4,3,0.008
892,1685135803,NHL® 22,3,0.008
893,87350449,NieR:Automata™ BECOME AS GODS Edition,3,0.008
894,1814244511,Nine Sols,3,0.008
895,2053707080,NINJA GAIDEN 2 Black,3,0.008
896,1728797774,ONE PIECE: PIRATE WARRIORS 4,3,0.008
897,1903313113,Orcs Must Die! Deathtrap,3,0.008
898,2034484895,Out of Space: Couch Edition,3,0.008
899,196423588,Outlast,3,0.008
900,717702870,OUTRIDERS,3,0.008
901,340920273,Overcooked,3,0.008
902,2029650168,Overthrown,3,0.008
903,2048381683,PAC-MAN WORLD Re-PAC,3,0.008
904,2074120545,Pax Dei,3,0.008
905,1932565641,Pikuniku,3,0.008
906,1480656948,Pinball FX,3,0.008
907,1747676401,Planet Coaster 2,3,0.008
908,1161890066,Portal 2,3,0.008
909,1302301894,Powerstar Golf,3,0.008
910,2046531735,Predator: Hunting Grounds,3,0.008
911,757817533,PRO EVOLUTION SOCCER 2019,3,0.008
912,1702869784,Project Motor Racing,3,0.008
913,1935747145,Prototype®2,3,0.008
914,2002584553,Puzzle Quest 3,3,0.008
915,1957137539,Rabbids®: Party of Legends,3,0.008
916,1128466466,RESIDENT EVIL CODE: Veronica X,3,0.008
917,2065674944,Resident Evil Re:Verse,3,0.008
918,217831213,RISK,3,0.008
919,1813085990,Road 96,3,0.008
920,2065981028,Rooftops & Alleys: The Parkour Game,3,0.008
921,2032369368,Scott Pilgrim vs. The World™: The Game – Complete Edition,3,0.008
922,804980065,Sea of Thieves Insider,3,0.008
923,1947725080,Skul: The Hero Slayer,3,0.008
924,269700535,Sniper Elite 3,3,0.008
925,1480659458,Sonic Adventure™ 2 ,3,0.008
926,1735182051,SONIC X SHADOW GENERATIONS,3,0.008
927,2016279503,SOPA - Tale of the Stolen Potato,3,0.008
928,1874376911,Splitgate,3,0.008
929,548623535,SpongeBob SquarePants: Battle for Bikini Bottom - Rehydrated,3,0.008
930,871098991,STAR WARS™: Squadrons,3,0.008
931,852732437,State of Decay: Year-One,3,0.008
932,1682965190,Stray,3,0.008
933,1579532320,Sunset Overdrive,3,0.008
934,993798593,SUPER STREETFIGHTER IV ARCADE EDITION,3,0.008
935,1984077720,Tales of the Shire: A The Lord of The Rings™ Game,3,0.008
936,1431504903,TC's RainbowSix Vegas2,3,0.008
937,1819798709,Tetris® Effect: Connected,3,0.008
938,1968679051,The Cabin Factory,3,0.008
939,1890789689,The Casting of Frank Stone™,3,0.008
940,1979014977,The Crew,3,0.008
941,170773198,The Evil Within® 2,3,0.008
942,618537566,The Outer Worlds,3,0.008
943,1731121397,The Quarry,3,0.008
944,2110168941,The Rogue Prince of Persia™,3,0.008
945,1921488037,The Settlers®: New Allies,3,0.008
946,1480659422,The Walking Dead,3,0.008
947,231674300,The Walking Dead: Season Two,3,0.008
948,2108611710,TIEBREAK – GRAND SLAM EDITION,3,0.008
949,1292135256,Titanfall,3,0.008
950,2070685355,to a T,3,0.008
951,1396901866,Tomb Raider: Anniv.,3,0.008
952,1767703473,Tony Hawk's™ Pro Skater™ 1 + 2,3,0.008
953,2063484815,Train Sim World® 6: Free Starter Pack,3,0.008
954,2145202828,Tricking 0,3,0.008
955,1937610303,Two Point Museum,3,0.008
956,1912255927,Ultimate Sheep Raccoon,3,0.008
957,384396065,Unravel Two,3,0.008
958,680908276,Viva Piñata: TIP,3,0.008
959,1827287476,World of Outlaws: Dirt Racing,3,0.008
960,981110874,WWE 2K18,3,0.008
961,531971604,WWE 2K19,3,0.008
962,551688870,XCOM® 2,3,0.008
963,1886146911,Yet Another Zombie Survivors,3,0.008
964,2116409537,Yu-Gi-Oh! Legacy of the Duelist : Link Evolution,3,0.008
965,1480656879,Zuma,3,0.008
966,2024046503,60 Seconds! Reatomized,2,0.0053
967,2002870555,A Little to the Left,2,0.0053
968,1679168855,A Quiet Place: The Road Ahead,2,0.0053
969,1850945804,Age of Empires III: Definitive Edition,2,0.0053
970,1792749432,Alan Wake Remastered,2,0.0053
971,1905197072,American Theft 80s,2,0.0053
972,2041767726,Angry Birds 2,2,0.0053
973,759471095,ARCADE GAME SERIES: Ms. PAC-MAN,2,0.0053
974,1708780346,Are You Smarter Than A 5th Grader?,2,0.0053
975,1161889784,Army of Two™,2,0.0053
976,423441812,Ashes Cricket,2,0.0053
977,1431505017,Assassin's Creed Revelations,2,0.0053
978,1431505070,Assassin's Creed® III ,2,0.0053
979,1431505090,Assassin’s Creed® IV,2,0.0053
980,100154526,Baja: Edge of Control HD,2,0.0053
981,1480657237,Banjo-Tooie,2,0.0053
982,1297287149,Banjo Kazooie: N n B,2,0.0053
983,23570566,Batman - The Telltale Series - Episode 1: Realm of Shadows,2,0.0053
984,1464993832,Batman: Arkham Origins,2,0.0053
985,1161890128,Battlefield 3™,2,0.0053
986,301917535,Battlefield™ Hardline,2,0.0053
987,1480656850,Bejeweled 2,2,0.0053
988,1480659414,Bejeweled 3,2,0.0053
989,337857707,Bendy and the Ink Machine,2,0.0053
990,1414793309,BioShock Infinite,2,0.0053
991,367004125,BioShock Remastered,2,0.0053
992,1161889896,BLACK™,2,0.0053
993,293785190,Bloons TD 5,2,0.0053
994,1698796012,Bloons TD 6,2,0.0053
995,232457702,Broken Age,2,0.0053
996,1161889888,C&C Red Alert 3,2,0.0053
997,171879377,Call of Cthulhu,2,0.0053
998,1096157137,Call of Duty® 2,2,0.0053
999,1724411039,Card Storm Idle,2,0.0053
1000,1480659655,Castle of Illusion,2,0.0053
1001,1512517621,Child of Light,2,0.0053
1002,1625569842,Choo-Choo Charles,2,0.0053
1003,2003473581,Citizen Sleeper,2,0.0053
1004,1480656871,Cloning Clyde,2,0.0053
1005,1693676973,Clue,2,0.0053
1006,1842022716,Colt Canyon,2,0.0053
1007,1297287892,Conker: Live and Reloaded,2,0.0053
1008,1624755708,Contraband Police,2,0.0053
1009,1297287132,Crackdown,2,0.0053
1010,1755920678,Creatures of Ava,2,0.0053
1011,1631581287,Cronos: The New Dawn,2,0.0053
1012,1935688591,Daemon X Machina: Titanic Scion,2,0.0053
1013,1940736818,Darkest Dungeon II,2,0.0053
1014,725442241,Darksiders Warmastered Edition,2,0.0053
1015,2017702583,Dauntless,2,0.0053
1016,1619542068,Dawn of Man,2,0.0053
1017,907587004,Dead Island: Riptide Definitive Edition,2,0.0053
1018,1413679057,DEAD OR ALIVE 4,2,0.0053
1019,212680242,DEAD OR ALIVE 6: Core Fighters,2,0.0053
1020,1923160643,Dead Rising 3,2,0.0053
1021,964785867,Dead Space™ 2,2,0.0053
1022,1864660438,Dead Static Drive,2,0.0053
1023,125143641,Deadlight: Director's Cut,2,0.0053
1024,1619985048,Deadside,2,0.0053
1025,376779456,Death Road to Canada,2,0.0053
1026,1690468494,DEATHLOOP,2,0.0053
1027,1777438490,Devil May Cry 5 Special Edition,2,0.0053
1028,1129121853,DiRT 3,2,0.0053
1029,1100121502,Dishonored® Definitive Edition,2,0.0053
1030,1112934422,Disney Epic Mickey 2: The Power of Two,2,0.0053
1031,1743219650,Disney Epic Mickey: Rebrushed,2,0.0053
1032,1062046240,Divinity: Original Sin - Enhanced Edition,2,0.0053
1033,1909957148,Dragon City,2,0.0053
1034,1431505022,Driver San Francisco,2,0.0053
1035,2028637067,Drug Dealer Simulator,2,0.0053
1036,1558010571,DYNASTY WARRIORS 8 Empires,2,0.0053
1037,2052426459,EA SPORTS™ FIFA 16,2,0.0053
1038,1621792721,EBOLA VILLAGE,2,0.0053
1039,1941057630,Empire of the Ants,2,0.0053
1040,1917441524,Escape from Ever After,2,0.0053
1041,172017893,F1® 2019,2,0.0053
1042,942676443,F1™ 2016,2,0.0053
1043,1655237678,Fallout: New Vegas Ultimate Edition,2,0.0053
1044,1824003155,Family Feud®,2,0.0053
1045,1814325409,Fantasy Dash,2,0.0053
1046,1851718938,FANTASY LIFE i: The Girl Who Steals Time,2,0.0053
1047,1431504912,Far Cry® 2,2,0.0053
1048,1813362885,FIFA 14,2,0.0053
1049,1691849278,FINAL FANTASY IV,2,0.0053
1050,1997023214,FINAL FANTASY IX,2,0.0053
1051,1757807931,FINAL FANTASY TACTICS - The Ivalice Chronicles,2,0.0053
1052,1799236568,FINAL FANTASY V,2,0.0053
1053,1727852104,FINAL FANTASY VI,2,0.0053
1054,152270586,FINAL FANTASY XII THE ZODIAC AGE,2,0.0053
1055,1397819364,FINAL FANTASY XIII,2,0.0053
1056,1397819398,FINAL FANTASY XIII-2,2,0.0053
1057,2109344129,FINAL FANTASY XV WINDOWS EDITION,2,0.0053
1058,1867652631,Firefighting Simulator: Ignite,2,0.0053
1059,885797626,Fishing Sim World®: Pro Tour,2,0.0053
1060,1864215620,Five Nights at Freddy's: Help Wanted,2,0.0053
1061,93105265,Friday the 13th: The Game,2,0.0053
1062,2063170939,Frostpunk: Console Edition,2,0.0053
1063,1296697298,Full Game - Psychonauts,2,0.0053
1064,1926605815,Funko Fusion,2,0.0053
1065,1297287718,Gears of War: Judgment,2,0.0053
1066,1616046491,Gears Tactics - Base Game,2,0.0053
1067,1702713376,Genesis Noir,2,0.0053
1068,1700344676,Ghostbusters: The Video Game Remastered,2,0.0053
1069,868192693,Gotham Knights,2,0.0053
1070,476517807,Gravel,2,0.0053
1071,488156801,GreedFall,2,0.0053
1072,1984491277,Grim Idle,2,0.0053
1073,1955982965,Gunfire Reborn,2,0.0053
1074,1631946139,Gym Manager,2,0.0053
1075,1297287176,Halo Wars,2,0.0053
1076,2028516160,Hardspace: Shipbreaker - Windows,2,0.0053
1077,1480656868,Hardwood Spades,2,0.0053
1078,2020032940,HAWKED,2,0.0053
1079,1993022209,Hi-Fi RUSH,2,0.0053
1080,1397819396,Hitman: Absolution,2,0.0053
1081,1968550256,Hobo: Tough Life,2,0.0053
1082,1654542558,Hotline Miami,2,0.0053
1083,2047199918,Isonzo (Windows),2,0.0053
1084,1044501532,Jeopardy!,2,0.0053
1085,1974645006,Killer Frequency,2,0.0053
1086,217258585,Killing Floor 2,2,0.0053
1087,2043794712,Kingdoms and Castles,2,0.0053
1088,1900811986,Kingdoms of Amalur: Re-Reckoning,2,0.0053
1089,1480657497,Lara Croft: GoL,2,0.0053
1090,1279330291,LEGO Star Wars III ,2,0.0053
1091,1660823717,LEGO® Brawls,2,0.0053
1092,668438210,LEGO® CITY Undercover,2,0.0053
1093,693381002,LEGO® The Incredibles,2,0.0053
1094,1819998160,LEGO® Voyagers,2,0.0053
1095,1882357148,Lonely Mountains: Snow Riders,2,0.0053
1096,1091024470,Magic Duels,2,0.0053
1097,1687910025,Mahjong by Microsoft,2,0.0053
1098,102287491,Marvel's Avengers Definitive Edition,2,0.0053
1099,1941838752,MELTY BLOOD: TYPE LUMINA,2,0.0053
1100,1751185882,METAL GEAR SOLID Δ: SNAKE EATER,2,0.0053
1101,1480657103,Metal Slug 3,2,0.0053
1102,1844460632,Metro Exodus Enhanced Edition,2,0.0053
1103,534004979,Microsoft Ultimate Word Games,2,0.0053
1104,1009393042,Middle-earth™: Shadow of Mordor™ - Game of the Year Edition,2,0.0053
1105,1904044383,Minecraft Preview for Windows,2,0.0053
1106,810085329,Mirror's Edge™,2,0.0053
1107,2113515818,MLB® The Show™ 23 Xbox Series X|S,2,0.0053
1108,380023945,Monster Energy Supercross - The Official Videogame 2,2,0.0053
1109,2022357971,Monster Energy Supercross - The Official Videogame 4,2,0.0053
1110,1685499852,Monster Hunter Stories 2: Wings of Ruin,2,0.0053
1111,505222320,Monster Jam Steel Titans,2,0.0053
1112,2118184557,Monster Jam Steel Titans 2,2,0.0053
1113,2092112354,Monster Jam™ Showdown,2,0.0053
1114,1781365913,Monster Train,2,0.0053
1115,1792557898,Moonlighter 2: The Endless Vault (Game Preview),2,0.0053
1116,1957255658,MORDHAU,2,0.0053
1117,1112737785,Morrowind,2,0.0053
1118,1297549289,Mortal Kombat vs. DCU,2,0.0053
1119,1679589975,Mortal Shell: Enhanced Edition,2,0.0053
1120,1693003201,MotoGP™25 - Xbox One,2,0.0053
1121,185283316,MX vs ATV Reflex,2,0.0053
1122,2037558339,My Friend Peppa Pig,2,0.0053
1123,971220532,NBA 2K Playgrounds 2,2,0.0053
1124,1343920370,NBA 2K15,2,0.0053
1125,285742376,NBA 2K16,2,0.0053
1126,650779126,NBA 2K18,2,0.0053
1127,961593710,NHL® 20,2,0.0053
1128,1624572870,Ni no Kuni™ II: Revenant Kingdom - The Prince's Edition,2,0.0053
1129,303799945,Nickelodeon Kart Racers,2,0.0053
1130,992005658,Ninja Gaiden Black,2,0.0053
1131,1868841248,Nobody Saves the World,2,0.0053
1132,1684896411,Off The Grid (Game Preview),2,0.0053
1133,1752331738,One Leaves,2,0.0053
1134,587488276,Outlast 2,2,0.0053
1135,1902591469,Outward: Definitive Edition,2,0.0053
1136,2011093308,Pacify,2,0.0053
1137,1805770178,PAW Patrol Mighty Pups Save Adventure Bay,2,0.0053
1138,1616307670,PAYDAY 3,2,0.0053
1139,1739902381,PBA Pro Bowling 2026,2,0.0053
1140,848717329,Peggle 2,2,0.0053
1141,1624743884,Persona 3 Portable,2,0.0053
1142,2030792699,PGA TOUR 2K21,2,0.0053
1143,1698989872,PICO PARK 2,2,0.0053
1144,269677862,PING REDUX,2,0.0053
1145,2090474684,Poppy Playtime: Chapter 1,2,0.0053
1146,2028530104,Prince of Persia The Lost Crown,2,0.0053
1147,487177805,Prison Architect: Xbox One Edition,2,0.0053
1148,2147115693,Project Wingman,2,0.0053
1149,1743049130,Quake II,2,0.0053
1150,605857900,Quiplash,2,0.0053
1151,1431505028,Rayman® Origins,2,0.0053
1152,852431422,ReCore,2,0.0053
1153,1874599886,Red Cape Knight,2,0.0053
1154,1667881927,Redfall,2,0.0053
1155,2056655762,Remnant: From the Ashes,2,0.0053
1156,802418004,RESIDENT EVIL RESISTANCE,2,0.0053
1157,472512000,Resident Evil Revelations,2,0.0053
1158,1696173302,RIDE 4,2,0.0053
1159,1704562600,Rugby 25,2,0.0053
1160,520010865,RWBY: Grimm Eclipse,2,0.0053
1161,1779343248,Sclash,2,0.0053
1162,1847402697,ScreamRide,2,0.0053
1163,365310947,Scribblenauts Mega Pack,2,0.0053
1164,1613348546,Sea of Stars: Sunset Edition,2,0.0053
1165,2112462799,Sengoku Dynasty,2,0.0053
1166,2006710939,Skater XL,2,0.0053
1167,1166935255,Slender: The Arrival (2015),2,0.0053
1168,1692656490,SNIPER Ghost Warrior 3,2,0.0053
1169,1885214706,Snooker 19,2,0.0053
1170,1928322650,Snooker Blitz,2,0.0053
1171,1907729638,Solasta: Crown of the Magister,2,0.0053
1172,1633152429,SONIC SUPERSTARS,2,0.0053
1173,1480656996,Sonic The Hedgehog,2,0.0053
1174,1813197692,SOS OPS!,2,0.0053
1175,583749034,SOULCALIBUR VI,2,0.0053
1176,1898652037,SOUTH PARK: SNOW DAY!,2,0.0053
1177,290870045,SpeedRunners,2,0.0053
1178,1997535850,SpiderHeck,2,0.0053
1179,1726756158,Spiritfarer®: Farewell Edition,2,0.0053
1180,1414596688,SpongeBob: Truth-Sq.,2,0.0053
1181,1480657523,Stacking,2,0.0053
1182,1112934452,STAR WARS KOTOR,2,0.0053
1183,1065100845,Star Wars: The Force Unleashed II,2,0.0053
1184,2027854331,STORY OF SEASONS: A Wonderful Life,2,0.0053
1185,1985144601,Stranded Deep,2,0.0053
1186,1957310205,Streets of Rage 4,2,0.0053
1187,1848088335,Subnautica: Below Zero,2,0.0053
1188,912691842,Sudden Strike 4 - European Battlefields Edition,2,0.0053
1189,1694250070,Super Animal Royale,2,0.0053
1190,1798675306,Super Box Delivery: Beyond the Horizon,2,0.0053
1191,1899691698,Super Fantasy Kingdom (Game Preview),2,0.0053
1192,405775731,Surviving Mars,2,0.0053
1193,1788169756,Taxi Life: A City Driving Simulator,2,0.0053
1194,1793267614,Techtonica (Game Preview),2,0.0053
1195,1313671164,TEKKEN 6,2,0.0053
1196,1915523932,Tempopo,2,0.0053
1197,1480656886,Texas Hold'em,2,0.0053
1198,1891258006,The Bard's Tale ARPG : Remastered and Resnarkled,2,0.0053
1199,2016552136,The Catch: Carp & Coarse Fishing,2,0.0053
1200,1668285033,The Exit 8,2,0.0053
1201,2104181770,The First Berserker: Khazan,2,0.0053
1202,1746975118,The Jackbox Party Pack 11,2,0.0053
1203,2098462228,The Jackbox Party Pack 7,2,0.0053
1204,1397622748,THE KING OF FIGHTERS XIII,2,0.0053
1205,1755825192,The LEGO Movie Videogame,2,0.0053
1206,654883159,The LEGO® NINJAGO® Movie Video Game,2,0.0053
1207,1865341179,The MUSYNX,2,0.0053
1208,1785417254,The Oregon Trail,2,0.0053
1209,282062756,The Walking Dead: A New Frontier - Episode 1,2,0.0053
1210,467118163,Titan Quest,2,0.0053
1211,1396901868,Tomb Raider Underworld,2,0.0053
1212,2047601430,Truck and Logistics Simulator,2,0.0053
1213,1860058296,TT Isle Of Man: Ride on the Edge 3,2,0.0053
1214,1611397404,UBOAT,2,0.0053
1215,1634720918,Ultimate Custom Night,2,0.0053
1216,1959830280,Virtua Fighter 5 R.E.V.O. World Stage,2,0.0053
1217,1731762544,Virtual Villagers Origins 2,2,0.0053
1218,1777774126,Visions of Mana,2,0.0053
1219,1288959033,Viva Piñata,2,0.0053
1220,1007715169,Warhammer: Vermintide 2,2,0.0053
1221,2030027058,Wartales,2,0.0053
1222,271965907,Wasteland 3,2,0.0053
1223,2026783353,Wayfinder,2,0.0053
1224,940586683,Wizard of Legend,2,0.0053
1225,1159891781,Wolfenstein: The Old Blood,2,0.0053
1226,496534680,Wolfenstein: Youngblood,2,0.0053
1227,1985239734,World of Tanks Blitz,2,0.0053
1228,1811697311,World War Z,2,0.0053
1229,1307429766,Worms Battlegrounds,2,0.0053
1230,1696868991,WRC Generations - The FIA WRC Official Game,2,0.0053
1231,1849227144,WWE 2K20,2,0.0053
1232,2022801826,WWE 2K26 Standard Edition,2,0.0053
1233,1845646569,Yakuza Kiwami 2,2,0.0053
1234,1480659433,Zuma's Revenge!,2,0.0053
1235,1161889782, Medal of Honor Airborne,1,0.0027
1236,278981929,[PROTOTYPE®],1,0.0027
1237,2141212892,33 Immortals,1,0.0027
1238,1646810031,3D Don't Die Mr. Robot,1,0.0027
1239,2073237270,60 Parsecs!,1,0.0027
1240,1722019576,9th Dawn Remake,1,0.0027
1241,1791707434,A Castle Full of Cats,1,0.0027
1242,1937335069,A Gummy's Life,1,0.0027
1243,969381141,A Plague Tale: Innocence,1,0.0027
1244,1751360232,AAA Dynamic Scenes,1,0.0027
1245,1528308274,Aaero,1,0.0027
1246,1915358548,Above Snakes,1,0.0027
1247,593828894,Absolver,1,0.0027
1248,390641336,ACA NEOGEO METAL SLUG,1,0.0027
1249,356219446,ACA NEOGEO REAL BOUT FATAL FURY,1,0.0027
1250,605012161,ACA NEOGEO THE KING OF FIGHTERS '95,1,0.0027
1251,983906598,ACA NEOGEO THE KING OF FIGHTERS '99,1,0.0027
1252,420401391,ACA NEOGEO THE KING OF FIGHTERS 2000,1,0.0027
1253,1313671121,ACE COMBAT 6,1,0.0027
1254,2023402980,Achilles: Legends Untold,1,0.0027
1255,2144204141,Achilles: Survivor,1,0.0027
1256,1974177380,Adventures of Bertram Fiddle: Episode 1: A Dreadly Business,1,0.0027
1257,1480656956,Aegis Wing,1,0.0027
1258,1783702427,AEW: Fight Forever,1,0.0027
1259,1915969143,AFL 23,1,0.0027
1260,1480660006,AirMech Arena,1,0.0027
1261,615247627,Alan Wake,1,0.0027
1262,616610555,Alan Wake's American Nightmare,1,0.0027
1263,1641858093,Albion Online,1,0.0027
1264,1480656966,Alien Hominid HD,1,0.0027
1265,1790332447,Alien: Rogue Incursion Evolved Edition,1,0.0027
1266,1997651308,All You Need is Help,1,0.0027
1267,1719440805,Alone in the Dark,1,0.0027
1268,1777869653,Alpacapaca Dash 2,1,0.0027
1269,1698247129,Aly The Alligator in Space Trouble,1,0.0027
1270,1712068512,Amanda the Adventurer,1,0.0027
1271,1975041917,Amnesia: The Bunker,1,0.0027
1272,2093965833,Angry Birds Friends,1,0.0027
1273,1828567307,Angry Video Game Nerd I & II Deluxe,1,0.0027
1274,1799950478,Aniimo,1,0.0027
1275,49709880,Anthem™,1,0.0027
1276,2130794071,Apollo Justice: Ace Attorney Trilogy,1,0.0027
1277,1611092700,Ara History Untold: Anniversary Edition,1,0.0027
1278,274976276,ARCADE GAME SERIES: PAC-MAN,1,0.0027
1279,2837772,Arcade Islands: Volume One,1,0.0027
1280,1616326452,Arcadegeddon,1,0.0027
1281,1846786072,Asphalt 8: Airborne,1,0.0027
1282,1431504955,Assassin's Creed II,1,0.0027
1283,524641908,Assassin's Creed® Chronicles: China,1,0.0027
1284,1431505102,Assassin's Creed® Rogue,1,0.0027
1285,1970081113,Astro Adventure: Core Hunt,1,0.0027
1286,1631238072,Astro Miner,1,0.0027
1287,1744435907,Atelier Yumia: The Alchemist of Memories & the Envisioned Land,1,0.0027
1288,1628688048,Atomic Heart,1,0.0027
1289,2042945112,Atomicrops,1,0.0027
1290,1902834375,Autobahn Police Simulator 3,1,0.0027
1291,1861014614,Autonauts,1,0.0027
1292,1679922953,Avatar World Adventure,1,0.0027
1293,1414596577,Avatar: TLA: TBE,1,0.0027
1294,1042452848,Aven Colony,1,0.0027
1295,975485641,Back to the Future: The Game - 30th Anniversary Edition,1,0.0027
1296,634298669,Bad North: Jotunn Edition,1,0.0027
1297,1614240330,Baldur's Gate: Dark Alliance,1,0.0027
1298,1852580050,Barbie Project Friendship™,1,0.0027
1299,338995079,Batman: The Enemy Within - Episode 1,1,0.0027
1300,2006171548,Battle Brothers,1,0.0027
1301,1161889960,Battlefield Bad Company 2,1,0.0027
1302,364804937,BATTLESHIP®,1,0.0027
1303,1396901865,Battlestations Pacific,1,0.0027
1304,1812456871,Battletoads,1,0.0027
1305,2070921614,Bayonetta,1,0.0027
1306,810050544,Beach Buggy Racing,1,0.0027
1307,1844143156,Beach Buggy Racing 2: Island Adventure,1,0.0027
1308,1313671132,Beautiful Katamari,1,0.0027
1309,2138218417,Becastled,1,0.0027
1310,2140460499,Before We Leave,1,0.0027
1311,965872275,Ben 10,1,0.0027
1312,1736384528,Ben 10: Power Trip,1,0.0027
1313,1946485937,Besiege Console,1,0.0027
1314,1414793176,BioShock,1,0.0027
1315,1947615757,Blacksmith of the Sand Kingdom,1,0.0027
1316,2061970650,BLACKTAIL,1,0.0027
1317,1736678881,Bleeding Edge,1,0.0027
1318,173291706,Blood Bowl 2,1,0.0027
1319,1480657330,Bomberman Battlefest,1,0.0027
1320,1770279838,BOUNCY BREAD,1,0.0027
1321,2038940671,Bridge Race,1,0.0027
1322,1890575892,BROKEN MIND,1,0.0027
1323,1810243569,Brothers: A Tale of Two Sons Remake,1,0.0027
1324,1899809649,Bubble Shooter Viking Pop!,1,0.0027
1325,2136950563,Bugsnax,1,0.0027
1326,84648031,Bulletstorm: Full Clip Edition,1,0.0027
1327,1161889798,Burnout Paradise,1,0.0027
1328,2026693193,Bus Simulator 21 Next Stop,1,0.0027
1329,1161889806,C&C3,1,0.0027
1330,2077036451,Cake Bash,1,0.0027
1331,1650593751,Calico,1,0.0027
1332,1431505012,Call of Juarez Cartel,1,0.0027
1333,1863638905,Calyssa,1,0.0027
1334,2035296401,Capcom Arcade 2nd Stadium,1,0.0027
1335,1802600743,Capcom Arcade Stadium,1,0.0027
1336,435779585,Capcom Beat 'Em Up Bundle,1,0.0027
1337,1972377758,Car Cops,1,0.0027
1338,2117315513,Car for Sale Simulator 2023 - Desktop,1,0.0027
1339,2008066354,Car Mechanic Simulator,1,0.0027
1340,870299798,Carnival Games®,1,0.0027
1341,2006671670,Carnival Survivors The Parade,1,0.0027
1342,1653043226,Carrot Smash,1,0.0027
1343,1480657079,Castle Crashers,1,0.0027
1344,1501266033,CastleStorm - Definitive Edition,1,0.0027
1345,2144913935,Castlevania Anniversary Collection,1,0.0027
1346,1263405065,Castlevania LoS,1,0.0027
1347,1263405133,Castlevania: LoS 2,1,0.0027
1348,1692828729,Cats and Seek : Osaka,1,0.0027
1349,1835818566,CHAOS;CHILD,1,0.0027
1350,497019090,Chasm,1,0.0027
1351,1644979601,Chernobylite Complete Edition,1,0.0027
1352,2005154977,Children of Morta,1,0.0027
1353,1676653592,Citizen Sleeper 2: Starward Vector,1,0.0027
1354,1783440636,City Bus Manager,1,0.0027
1355,1736174077,City Transport Simulator: Tram,1,0.0027
1356,1756546018,Classic Pixel Marioboy Adventures,1,0.0027
1357,206503430,Clustertruck,1,0.0027
1358,2087025872,CODE VEIN Trial Edition,1,0.0027
1359,2102465429,Coffee Talk,1,0.0027
1360,1922833847,Color Pals,1,0.0027
1361,1729654407,Company of Heroes 3,1,0.0027
1362,1619365016,ComputerHead: Recoil,1,0.0027
1363,1414596570,Conan,1,0.0027
1364,1841498671,CONSCRIPT,1,0.0027
1365,1723836102,Cookie Clicker,1,0.0027
1366,1872937240,Copycat,1,0.0027
1367,2113258996,Core Keeper,1,0.0027
1368,1790537707,Core Keeper,1,0.0027
1369,1480657529,Costume Quest ,1,0.0027
1370,400142602,Costume Quest 2,1,0.0027
1371,1297287356,Crackdown 2,1,0.0027
1372,1684304507,Crazy Cats vs. Crazy Cyborgs,1,0.0027
1373,1480657460,Crazy Taxi,1,0.0027
1374,1985791411,Cricket 22,1,0.0027
1375,760882151,CRSED: F.O.A.D.,1,0.0027
1376,989689010,Crypt of the Serpent King,1,0.0027
1377,1689376479,Crypt of the Serpent King Remastered 4K Edition,1,0.0027
1378,2077764934,Crysis Remastered,1,0.0027
1379,1161890190,Crysis® 3,1,0.0027
1380,2065869943,Danganronpa V3: Killing Harmony Anniversary Edition,1,0.0027
1381,1959927913,Dark Quest 4,1,0.0027
1382,217802058,Darkest Dungeon®,1,0.0027
1383,1617210035,DARKGEMS,1,0.0027
1384,2102421406,Day of the Tentacle Remastered,1,0.0027
1385,1678781072,DayZ - Experimental,1,0.0027
1386,2055117989,Dead of Darkness,1,0.0027
1387,406842057,Dead Rising,1,0.0027
1388,274219762,Dead Rising 2 Off the Record,1,0.0027
1389,1270951403,Dead Rising 4,1,0.0027
1390,840545531,Dead Space™ 3,1,0.0027
1391,1480657531,Dead Space™ Ignition,1,0.0027
1392,629798227,Deadpool,1,0.0027
1393,1992367075,Death Howl,1,0.0027
1394,402672897,Death Squared,1,0.0027
1395,1736409202,DEEEER Simulator: Your Average Everyday Deer Game,1,0.0027
1396,1669682262,Defense Grid 2,1,0.0027
1397,1951916716,Deponia,1,0.0027
1398,106901580,Destroy All Humans!,1,0.0027
1399,1957968654,Destroy All Humans! - Clone Carnage,1,0.0027
1400,577546632,Destroy All Humans! (2005),1,0.0027
1401,1397819386,DEUS EX: HUMAN REVOLUTION,1,0.0027
1402,1650442817,Deus Ex: Mankind Divided™,1,0.0027
1403,490701180,Devil May Cry 4 Special Edition,1,0.0027
1404,1728448413,DmC Devil May Cry: Definitive Edition,1,0.0027
1405,1751733247,Doki Doki Literature Club Plus!,1,0.0027
1406,1480657049,Domino Master,1,0.0027
1407,2096821037,DOOM 3,1,0.0027
1408,1641402901,Double Dragon Gaiden: Rise of the Dragons,1,0.0027
1409,534038970,Dovetail Games Euro Fishing,1,0.0027
1410,1743873119,Down Among the Dead Men,1,0.0027
1411,849613404,Dragon's Dogma: Dark Arisen,1,0.0027
1412,1161890059,Dragon Age™ 2,1,0.0027
1413,696196977,DRAGON BALL XENOVERSE,1,0.0027
1414,2071918696,DRAGON QUEST I & II HD-2D Remake,1,0.0027
1415,1721217822,Drake Hollow,1,0.0027
1416,1894948980,Dreamcore,1,0.0027
1417,1698843377,DUAL PATHS,1,0.0027
1418,1891372981,Duck Simulator Lite,1,0.0027
1419,1480659910,DuckTales: Remastered,1,0.0027
1420,1739392581,Dungeons of Sundaria,1,0.0027
1421,531404425,DYNASTY WARRIORS 9,1,0.0027
1422,1640323097,DYNASTY WARRIORS 9 Empires,1,0.0027
1423,242301355,EA SPORTS™ NHL® 16,1,0.0027
1424,492699383,EA SPORTS™ NHL® 17,1,0.0027
1425,374274123,EA SPORTS™ NHL® 19,1,0.0027
1426,1234432164,EA SPORTS™ Rory McIlroy PGA TOUR®,1,0.0027
1427,1146095571,EDF 2017,1,0.0027
1428,12206284,eFootball PES 2020,1,0.0027
1429,1659464109,Elite Dangerous Core,1,0.0027
1430,572417720,Emily Wants To Play,1,0.0027
1431,1773142063,ENDER LILIES: Quietus of the Knights,1,0.0027
1432,1997527592,Endling - Extinction is Forever,1,0.0027
1433,1985585702,Endzone - A World Apart: Survivor Edition,1,0.0027
1434,1958827848,Eternal Card Game,1,0.0027
1435,1662474270,Eternal Strands,1,0.0027
1436,2015929879,Evil Dead: The Game,1,0.0027
1437,1756983532,Evil Genius 2: World Domination,1,0.0027
1438,1828736918,Evil Nun: The Broken Mask,1,0.0027
1439,2041393610,EvilUP,1,0.0027
1440,1989956835,Evolve,1,0.0027
1441,1736752782,Expansion for Explorers,1,0.0027
1442,1984358909,Expansion for Explorers Pack 1,1,0.0027
1443,1464993792,F.E.A.R. 3,1,0.0027
1444,1952256197,F1 2020,1,0.0027
1445,481925121,F1® 2018,1,0.0027
1446,1801537563,F1® 2021,1,0.0027
1447,1887182103,F1® Manager 2022,1,0.0027
1448,1673998520,F1® Manager 2024,1,0.0027
1449,1198695408,F1™ 2015,1,0.0027
1450,1628280816,Faaast Penguin,1,0.0027
1451,1649971201,Fallout,1,0.0027
1452,1895194085,Fallout 2,1,0.0027
1453,1642003684,Fantasy Aquarium,1,0.0027
1454,1431505036,Far Cry 3,1,0.0027
1455,1775112361,Farm Tycoon,1,0.0027
1456,918516972,Farming Simulator 15,1,0.0027
1457,363774594,Farming Simulator 17,1,0.0027
1458,1661863954,FATE: Reawakened,1,0.0027
1459,184042097,Fe,1,0.0027
1460,1480657036,Feeding Frenzy 2,1,0.0027
1461,2062455421,Fernbus Simulator,1,0.0027
1462,2071782725,FINAL FANTASY III,1,0.0027
1463,2021453818,FINAL FANTASY VIII Remastered,1,0.0027
1464,1962339231,Firegirl: Hack 'n Splash Rescue DX,1,0.0027
1465,1966202553,Fishing: North Atlantic Enhanced Edition,1,0.0027
1466,1835944487,Five Nights at Freddy's Into the Pit,1,0.0027
1467,1743565876,Five Nights at Freddy's: Secret of the Mimic,1,0.0027
1468,1805134071,FlipCat,1,0.0027
1469,1649733312,Food Truck Tycoon,1,0.0027
1470,2099258504,Football Manager 2023 Console,1,0.0027
1471,344311848,For The King,1,0.0027
1472,2125839408,Formula Legends,1,0.0027
1473,1694054782,Forza Motorsport 6,1,0.0027
1474,1899291024,Fran Bow,1,0.0027
1475,1637733007,FRONT MISSION 3: Remake,1,0.0027
1476,2075703134,Frostpunk,1,0.0027
1477,1670249614,Fruit Adventure Returns,1,0.0027
1478,1646082476,Galacticare,1,0.0027
1479,1629973687,Garden Life: A Cozy Simulator,1,0.0027
1480,2022597828,Garten of Banban 0,1,0.0027
1481,1705113845,Garten of Banban 6,1,0.0027
1482,1480657151,Geometry Wars Evolved²,1,0.0027
1483,2054890337,Get To Work,1,0.0027
1484,1431504947,Ghost Recon: Future Soldier™,1,0.0027
1485,732939800,Ghostbusters™,1,0.0027
1486,1730221723,Ghostrunner 2,1,0.0027
1487,1663990634,GigaBash,1,0.0027
1488,1672998639,Glover (QUByte Classics),1,0.0027
1489,1705150859,Greedland,1,0.0027
1490,2020925056,Grim Dawn: Definitive Edition,1,0.0027
1491,671675837,GRIP,1,0.0027
1492,453673951,Guitar Hero Live,1,0.0027
1493,1936375380,Gungrave G.O.R.E,1,0.0027
1494,1297287287,Halo 3: ODST Campaign Edition,1,0.0027
1495,1297287449,Halo 4,1,0.0027
1496,1297292157,Halo: Spartan Assault,1,0.0027
1497,1297292194,Halo: Spartan Strike,1,0.0027
1498,2012036466,Hammerwatch II,1,0.0027
1499,1654652604,Heavy Cargo - The Truck Simulator,1,0.0027
1500,1670362756,Heliborne,1,0.0027
1501,1719232621,Hello Guest: Hello Neighbor 2 pre-alpha,1,0.0027
1502,1880214966,Hello Neighbor: Hide and Seek,1,0.0027
1503,1890778408,Hidden Cats in Tokyo,1,0.0027
1504,1678726548,Hidden Legends,1,0.0027
1505,1958413760,Hill Climb Racing,1,0.0027
1506,1860846982,Ho Ho & Move,1,0.0027
1507,1069384604,Home Sweet Home,1,0.0027
1508,530599647,Homefront®: The Revolution,1,0.0027
1509,1842354344,Hot Wheels Let's Race™: Ultimate Speed,1,0.0027
1510,1970836204,Hotline Miami 2: Wrong Number,1,0.0027
1511,1026512979,How to Survive: Storm Warning Edition,1,0.0027
1512,390164739,Hunting Simulator,1,0.0027
1513,2121552083,I'm in Love With Your Dead Grandmother,1,0.0027
1514,1909903901,I Am Future: Cozy Apocalypse Survival,1,0.0027
1515,1635275279,ICARUS: Console Edition,1,0.0027
1516,273290529,Idle Champions of the Forgotten Realms,1,0.0027
1517,1911404173,Immortals of Aveum™,1,0.0027
1518,1672730245,In Sound Mind,1,0.0027
1519,2037481046,Inertial Drift,1,0.0027
1520,1982219874,Insects: An Xbox One X Enhanced Experience,1,0.0027
1521,2054032545,Iris Fall,1,0.0027
1522,1480657557,Iron Brigade,1,0.0027
1523,1297287250,Jade Empire™,1,0.0027
1524,1930132661,Jotunnslayer: Hordes of Hel,1,0.0027
1525,2082961842,Jujutsu Kaisen Cursed Clash,1,0.0027
1526,1982477375,Jumanji: Wild Adventures,1,0.0027
1527,2028720746,Junkyard Simulator,1,0.0027
1528,705006443,Jurassic World Evolution,1,0.0027
1529,611794133,Just Dance 2019®,1,0.0027
1530,1775780452,Just Dance Free Experience,1,0.0027
1531,2034976868,Just Pong,1,0.0027
1532,2094642688,Just Shapes & Beats,1,0.0027
1533,1721223782,Katamari Damacy REROLL,1,0.0027
1534,1749806231,Keep Talking and Nobody Explodes,1,0.0027
1535,1679509385,Kill It With Fire,1,0.0027
1536,2105228747,Killer Klowns From Outer Space: The Game,1,0.0027
1537,1612920519,King of the Hat,1,0.0027
1538,1674297685,Kingdom Rush Frontiers,1,0.0027
1539,1161890110,Kingdoms of Amalur: Reckoning,1,0.0027
1540,1745241155,Kitten Island,1,0.0027
1541,2008175655,Knights of Pen and Paper +1 Deluxier Edition,1,0.0027
1542,1480657325,KOF2002UM,1,0.0027
1543,1039363526,Kona,1,0.0027
1544,1003487612,Korgan,1,0.0027
1545,1799885509,Labyrinthine - Console Edition,1,0.0027
1546,2041063925,Lake,1,0.0027
1547,1973808452,Last Oasis (Game Preview),1,0.0027
1548,2071372034,Lawn Mowing Simulator,1,0.0027
1549,240478325,Layers of Fear (2016),1,0.0027
1550,1833447683,Legacy of Kain™ Soul Reaver 1&2 Remastered,1,0.0027
1551,440611906,LEGO Pirates of the Caribbean: The Video Game,1,0.0027
1552,101393300,LEGO® Batman™ 3: Beyond Gotham,1,0.0027
1553,1464993821,LEGO® Lord of the Rings™,1,0.0027
1554,2028723617,LEGO® Party!,1,0.0027
1555,565406974,LEGO® STAR WARS™: The Force Awakens,1,0.0027
1556,1859481116,Let Me Sleep,1,0.0027
1557,2002613703,Lethal League Blaze,1,0.0027
1558,542819315,Life is Strange: Before the Storm Episode 1,1,0.0027
1559,2119300209,Life is Strange: Double Exposure,1,0.0027
1560,1655517847,Like a Dragon Gaiden: The Man Who Erased His Name,1,0.0027
1561,779348826,Livelock,1,0.0027
1562,2111359330,Loan Shark,1,0.0027
1563,2017169801,LOLLIPOP CHAINSAW RePOP,1,0.0027
1564,1987951399,Lonely Mountains: Downhill,1,0.0027
1565,1271641024,Lords of the Fallen (2014),1,0.0027
1566,2081039845,Lost in Random: The Eternal Die,1,0.0027
1567,1891684356,Lost in Random™,1,0.0027
1568,1777243206,Lost Judgment,1,0.0027
1569,1297287162,Lost Odyssey,1,0.0027
1570,1128466413,LOST PLANET 2,1,0.0027
1571,28152906,Lovers in a Dangerous Spacetime,1,0.0027
1572,1973635123,Mad Streets,1,0.0027
1573,1480656887,Mad Tracks,1,0.0027
1574,2147358433,Madden NFL 15,1,0.0027
1575,2014880780,Madden NFL 17,1,0.0027
1576,717669198,Madden NFL 19,1,0.0027
1577,2020925735,Make Way,1,0.0027
1578,1636466973,Maniac,1,0.0027
1579,1921177861,Marathon,1,0.0027
1580,1886514325,Marble It Up! Ultra,1,0.0027
1581,1004777721,Marble Void,1,0.0027
1582,1480659971,Marlow Briggs,1,0.0027
1583,369157937,MARVEL VS. CAPCOM: INFINITE,1,0.0027
1584,1297287144,Mass Effect,1,0.0027
1585,1161889998,Mass Effect 2,1,0.0027
1586,1161890141,Mass Effect™ 3,1,0.0027
1587,2038093666,MAVRIX by Matt Jones,1,0.0027
1588,1749356989,Maximum Football 2020,1,0.0027
1589,196597117,Mega Man X Legacy Collection 2,1,0.0027
1590,23963413,Mega Man Zero/ZX Legacy Collection,1,0.0027
1591,1535750831,Mega Man® Legacy Collection,1,0.0027
1592,1251455286,Metro 2033 Redux,1,0.0027
1593,1620704918,Minami Lane,1,0.0027
1594,1973367334,MindsEye,1,0.0027
1595,14233261,Minecraft: Story Mode - Season Two - Episode 1,1,0.0027
1596,1677981874,Minos Dungeon,1,0.0027
1597,1958464992,Mob Control,1,0.0027
1598,284143677,Momodora: Reverie Under the Moonlight,1,0.0027
1599,2143308729,Monster Hunter Stories,1,0.0027
1600,2128710093,Monster Sanctuary (Windows Version),1,0.0027
1601,1806088999,Monsters are Coming!,1,0.0027
1602,1464993789,Mortal Kombat,1,0.0027
1603,1697419723,Mostroscopy,1,0.0027
1604,1480657679,Motocross Madness,1,0.0027
1605,1944950992,MotoGP™22 - Windows Edition,1,0.0027
1606,311896559,Mount & Blade: Warband,1,0.0027
1607,1948147176,Moving Out,1,0.0027
1608,1957331976,Mr.Slime in,1,0.0027
1609,1638883999,Mr.Slime in Dungeon,1,0.0027
1610,1834840157,Murder House,1,0.0027
1611,1866194138,Murder Miners,1,0.0027
1612,385764340,MX vs. ATV Supercross Encore,1,0.0027
1613,1833175061,MXGP 2019 - The Official Motocross Videogame,1,0.0027
1614,803175056,MXGP PRO,1,0.0027
1615,94171386,MXGP3,1,0.0027
1616,1966816764,My Friend Pedro,1,0.0027
1617,1991467401,My Little Universe,1,0.0027
1618,446256697,My Time At Portia,1,0.0027
1619,1756205157,MySims™,1,0.0027
1620,1825993656,MyWhoosh HD,1,0.0027
1621,1480656988,N+,1,0.0027
1622,485601591,NARUTO SHIPPUDEN™: Ultimate Ninja® STORM 2,1,0.0027
1623,1708079118,NASCAR 21: Ignition,1,0.0027
1624,664898642,NASCAR Heat 3,1,0.0027
1625,778400368,NBA 2K14,1,0.0027
1626,1480659436,NBA JAM: On Fire Edition,1,0.0027
1627,880031210,NBA LIVE 19,1,0.0027
1628,919412218,Necromunda: Underhive Wars,1,0.0027
1629,1802006334,Neon Abyss,1,0.0027
1630,1737346272,Neverwinter Nights: Enhanced Edition,1,0.0027
1631,1715766926,New World: Aeternum,1,0.0027
1632,304932652,NHL® 21,1,0.0027
1633,1634565765,NHL® 94 REWIND,1,0.0027
1634,1757462338,Ni no Kuni Wrath of the White Witch™ Remastered,1,0.0027
1635,2021405472,Nickelodeon Kart Racers 2: Grand Prix,1,0.0027
1636,1263929316,NINJA GAIDEN 3: RE,1,0.0027
1637,2039473401,NINJA GAIDEN Σ,1,0.0027
1638,1995973613,Noctuary,1,0.0027
1639,2030829630,Nova Lands,1,0.0027
1640,1863625465,Nuclear Throne,1,0.0027
1641,54254179,Oceanhorn - Monster of Uncharted Seas,1,0.0027
1642,1692022171,OCTOPATH TRAVELER 0,1,0.0027
1643,1650588295,OddBallers™,1,0.0027
1644,2074956981,Oddworld: Soulstorm Enhanced Edition,1,0.0027
1645,1778851260,Oddworld: Stranger's Wrath HD,1,0.0027
1646,1129121809,OF: Dragon Rising,1,0.0027
1647,1868901412,Offroad Racing - Buggy X ATV X Moto,1,0.0027
1648,2132252311,Olympic Games Tokyo 2020 – The Official Video Game™,1,0.0027
1649,1785122378,Omega Strikers,1,0.0027
1650,521893123,ONE PIECE World Seeker,1,0.0027
1651,1010226785,One Piece: Burning Blood,1,0.0027
1652,2025399821,ONE PUNCH MAN: A HERO NOBODY KNOWS,1,0.0027
1653,1794026365,Order of Battle: World War II,1,0.0027
1654,264259050,Ori and the Blind Forest,1,0.0027
1655,1688249349,Out of Sight,1,0.0027
1656,1904294237,Outcast - A New Beginning,1,0.0027
1657,1129121801,Overlord II,1,0.0027
1658,806794764,Override: Mech City Brawl,1,0.0027
1659,1480657548,PAC-MAN CE DX+,1,0.0027
1660,1759144821,PAC-MAN WORLD 2 Re-PAC,1,0.0027
1661,916339986,Party Hard,1,0.0027
1662,1979806051,Pathologic 3,1,0.0027
1663,1912801032,PAW Patrol The Movie: Adventure City Calls,1,0.0027
1664,1712366974,PC Building Simulator,1,0.0027
1665,2100880776,Pentiment,1,0.0027
1666,1480657346,Perfect Dark,1,0.0027
1667,1867683926,Persona 5 Tactica,1,0.0027
1668,1698508835,PGA TOUR 2K25 First Look,1,0.0027
1669,838746653,Phoenix Wright: Ace Attorney Trilogy,1,0.0027
1670,1848728299,Pinball FX Midnight,1,0.0027
1671,2046628793,PixARK,1,0.0027
1672,1753979365,Pizza Bar Tycoon,1,0.0027
1673,1542414577,Plague Inc: Evolved,1,0.0027
1674,1710968984,Planescape: Torment and Icewind Dale: Enhanced Editions,1,0.0027
1675,1726129713,Planet Coaster: Console Edition,1,0.0027
1676,2117095676,Planet of Lana,1,0.0027
1677,926240545,Planet of the Apes: Last Frontier,1,0.0027
1678,1999452651,Polterguys: Possession Party,1,0.0027
1679,1683654620,Poppyliss Horror Escape,1,0.0027
1680,1480657248,Portal: Still Alive,1,0.0027
1681,1628806449,Potion Craft: Alchemist Simulator,1,0.0027
1682,1702524932,Power Rangers: Battle for the Grid,1,0.0027
1683,838726055,PRO EVOLUTION SOCCER 2018,1,0.0027
1684,307808103,Pro Fishing Simulator,1,0.0027
1685,2093251542,Project 13: Taxidermy,1,0.0027
1686,993540759,Pure Hold'em™,1,0.0027
1687,1480657006,Puzzle Fighter HD,1,0.0027
1688,2019100575,Puzzle Galaxy Xbox Edition,1,0.0027
1689,2049279350,Puzzle Quest: Immortal Edition,1,0.0027
1690,1827084963,Puzzletronics: Digital Infinite,1,0.0027
1691,333628240,Quantum Break,1,0.0027
1692,1743961068,Race The Sun,1,0.0027
1693,523071548,Rad Rodgers,1,0.0027
1694,583196255,RAGE,1,0.0027
1695,1912444422,RAIDOU Remastered: The Mystery of the Soulless Army,1,0.0027
1696,1641566497,Railroads Online,1,0.0027
1697,1901782415,Railway Empire 2 (Win),1,0.0027
1698,753024882,Red Faction Guerrilla Re-Mars-tered,1,0.0027
1699,1995576035,Remnant II® - Standard Edition,1,0.0027
1700,1883914934,RENNSPORT,1,0.0027
1701,1278031123,Resident Evil,1,0.0027
1702,1005790042,Resident Evil 7 Teaser: Beginning Hour,1,0.0027
1703,1854284145,Reus 2,1,0.0027
1704,1223839444,RIDE,1,0.0027
1705,474501413,RIDE 3,1,0.0027
1706,761259973,RiME,1,0.0027
1707,1868826586,RimWorld Console Edition,1,0.0027
1708,1859130505,Risen,1,0.0027
1709,1263339480,Risen,1,0.0027
1710,1738390204,Rivals of Aether,1,0.0027
1711,1769121996,River City Girls 2,1,0.0027
1712,806435492,Road Redemption,1,0.0027
1713,1709856057,RoboCop: Rogue City - Unfinished Business,1,0.0027
1714,192928167,Rocksmith 2014,1,0.0027
1715,1888207061,Rogue Lords,1,0.0027
1716,1704946873,Romancing SaGa 2: Revenge of the Seven,1,0.0027
1717,1676061582,Rooten,1,0.0027
1718,2138535394,Rugby League Live 3,1,0.0027
1719,1953030770,RUST DREAD REVENGE,1,0.0027
1720,2085974219,Sable,1,0.0027
1721,1169551644,Saints Row: Gat out of Hell,1,0.0027
1722,378040902,Salt and Sanctuary,1,0.0027
1723,1615299687,Santa's Winter Wonders,1,0.0027
1724,1828185725,Sea Fantasy,1,0.0027
1725,303584158,Sea of Solitude,1,0.0027
1726,1691013379,Secret Neighbor,1,0.0027
1727,1902674094,Secret Paws - Cozy Offices,1,0.0027
1728,1641777228,Serious Sam 4,1,0.0027
1729,1060097466,Serious Sam Collection,1,0.0027
1730,2000442171,Shadow Warrior 3: Definitive Edition,1,0.0027
1731,1297287126,Shadowrun,1,0.0027
1732,1953391836,Shadowrun Returns,1,0.0027
1733,1935829261,Shadowrun: Hong Kong - Extended Edition,1,0.0027
1734,1866950192,Shady Part of Me,1,0.0027
1735,1849665143,Sheepo,1,0.0027
1736,21560138,Sheltered,1,0.0027
1737,1781047490,Shin Megami Tensei V: Vengeance,1,0.0027
1738,2040578587,SHINOBI: Art of Vengeance,1,0.0027
1739,1709151881,Ship Graveyard Simulator 2,1,0.0027
1740,1632941844,SHMUP Mania,1,0.0027
1741,1947938436,Shotgun Farmers,1,0.0027
1742,1414793256,Sid Meier's Pirates!,1,0.0027
1743,1613869684,Skylanders SWAP Force,1,0.0027
1744,1811169840,Slay The Spire,1,0.0027
1745,1480660016,Slender: The Arrival,1,0.0027
1746,1480656853,Small Arms,1,0.0027
1747,1955054478,Smalland: Survive the Wilds,1,0.0027
1748,2034370789,Snezhinka,1,0.0027
1749,1740860919,Sniper Ghost Warrior Contracts,1,0.0027
1750,1864659895,Sniper Ghost Warrior Contracts 2,1,0.0027
1751,1002731481,Snooker Nation Championship,1,0.0027
1752,1368358394,Soda Drinker Pro,1,0.0027
1753,1966002761,Solir,1,0.0027
1754,1793505840,Solir,1,0.0027
1755,1965996577,Solitaire 40 cards,1,0.0027
1756,1480656957,Soltrio Solitaire,1,0.0027
1757,1480657445,Sonic Adventure,1,0.0027
1758,1480659441,Sonic CD,1,0.0027
1759,129325438,SONIC FORCES,1,0.0027
1760,1397033032,Sonic Generations,1,0.0027
1761,1648684496,Sonic Origins,1,0.0027
1762,2098784475,Soulstice,1,0.0027
1763,1480657485,Space Invaders: IG,1,0.0027
1764,778803087,Spacelords,1,0.0027
1765,1414793283,Spec Ops: The Line,1,0.0027
1766,1794398757,Spell Disk,1,0.0027
1767,1630371775,SpellForce: Conquest of Eo,1,0.0027
1768,1480657342,Spelunky,1,0.0027
1769,1739337770,Spider Solitaire HD,1,0.0027
1770,2114614966,SpotCat vs The Cheddar Mafia In Europe,1,0.0027
1771,2037835570,Square Enix Digital Content Viewer,1,0.0027
1772,2002882362,Squirrel with a Gun,1,0.0027
1773,1161890157,SSX,1,0.0027
1774,1161890298,SSX 3,1,0.0027
1775,278827885,Star Hammer: The Vanguard Prophecy,1,0.0027
1776,2063855906,STAR OCEAN THE DIVINE FORCE,1,0.0027
1777,1112934458,STAR WARS KOTOR II,1,0.0027
1778,1112934459,Star Wars Republic Commando,1,0.0027
1779,909409687,Star Wars: The Force Unleashed,1,0.0027
1780,1883232264,STAR WARS™ Episode I Racer,1,0.0027
1781,1992651140,STAR WARS™: Dark Forces Remaster,1,0.0027
1782,1611656661,Starbound,1,0.0027
1783,1928236996,Starsand,1,0.0027
1784,2125557798,Still Wakes the Deep,1,0.0027
1785,2002404032,Stranded: Alien Dawn,1,0.0027
1786,2050520287,STRANGER OF PARADISE FINAL FANTASY ORIGIN,1,0.0027
1787,1128466401,STREET FIGHTER IV,1,0.0027
1788,2029929513,Strider,1,0.0027
1789,108727346,Suicide Squad: Kill the Justice League,1,0.0027
1790,1764050932,Suika Monsters,1,0.0027
1791,2057573435,Suikoden I&II HD Remaster Gate Rune and Dunan Unification Wars,1,0.0027
1792,2037941256,SUPER BOMBERMAN R 2,1,0.0027
1793,1480657498,Super Meat Boy,1,0.0027
1794,2058904438,Super Ninja Miner,1,0.0027
1795,1849290790,Super Scooter,1,0.0027
1796,1914281401,Super Volley Blast,1,0.0027
1797,1654363896,Super Woden GP,1,0.0027
1798,240091546,SUPERHOT,1,0.0027
1799,2003002635,Survival: Foutain of Youth - Captain's Edition,1,0.0027
1800,1639445346,Survivalcraft 2,1,0.0027
1801,1770175521,Surviving the Aftermath,1,0.0027
1802,1480657001,SWOS,1,0.0027
1803,1716409839,Tacticool Champs,1,0.0027
1804,1937629264,Tainted Grail: Conquest,1,0.0027
1805,1619109702,Tales of Symphonia Remastered,1,0.0027
1806,1624769204,Talisman: Digital Edition,1,0.0027
1807,1431504855,TC's SC Double Agent,1,0.0027
1808,2124647331,Tchia,1,0.0027
1809,1798733099,Teenage Mutant Ninja Turtles: Splintered Fate,1,0.0027
1810,1313671257,TEKKEN TAG TOURNAMENT 2,1,0.0027
1811,1825800558,Temtem,1,0.0027
1812,1047413393,TERA,1,0.0027
1813,1719207328,TERMINATOR: RESISTANCE - COMPLETE EDITION,1,0.0027
1814,1621365103,Terror of Hemasaurus,1,0.0027
1815,1881824137,Tetris® Forever,1,0.0027
1816,972022825,Tetris® Ultimate,1,0.0027
1817,1651981610,The Bluecoats: North & South,1,0.0027
1818,2051503466,The Callisto Protocol,1,0.0027
1819,1777903168,The Clocker,1,0.0027
1820,2036345770,The Dark Pictures Anthology House of Ashes,1,0.0027
1821,1997447389,The Dark Pictures Anthology: The Devil in Me,1,0.0027
1822,1128640842,The Escapists,1,0.0027
1823,2013672301,The Gunk,1,0.0027
1824,610345881,The Jackbox Party Pack,1,0.0027
1825,1811248495,The Jackbox Party Pack 10,1,0.0027
1826,1748769487,The Jackbox Party Pack 6,1,0.0027
1827,1701212022,The Jackbox Party Pack 8,1,0.0027
1828,1832298111,THE LAST TRAIN: Baquedano,1,0.0027
1829,1161889807,The Orange Box,1,0.0027
1830,1666554238,The Samurai Quest,1,0.0027
1831,996619018,The Sinking City,1,0.0027
1832,1776537730,The Sinking City Remastered,1,0.0027
1833,1431505093,The Stick of Truth™,1,0.0027
1834,901516198,The Surge 2,1,0.0027
1835,1965003400,The Unicorn Princess,1,0.0027
1836,31939361,The Walking Dead: The Final Season,1,0.0027
1837,1615232474,The Walking Dead: The Telltale Definitive Series,1,0.0027
1838,1464993828,The Witcher 2: Assassins of Kings,1,0.0027
1839,62572131,The Wolf Among Us,1,0.0027
1840,1181281124,Thief,1,0.0027
1841,1628698678,Thief Simulator,1,0.0027
1842,2089424131,This War of Mine: Final Cut,1,0.0027
1843,1279330262,Thrillville: OTR,1,0.0027
1844,2129809110,Through the Darkest of Times,1,0.0027
1845,600509688,Thumper,1,0.0027
1846,1750701033,Tiny Tina's Wonderlands for Xbox Series X|S,1,0.0027
1847,2108730441,Toaplan Arcade Collection Vol. 2,1,0.0027
1848,1431504921,Tom Clancy's Splinter Cell® Chaos Theory™,1,0.0027
1849,1431505078,Tom Clancy’s Splinter Cell® Blacklist™,1,0.0027
1850,1946103240,Tomb Raider I-III Remastered Starring Lara Croft,1,0.0027
1851,1396901844,Tomb Raider:Legend,1,0.0027
1852,1630747846,Tour de France 2025,1,0.0027
1853,1832512217,Townscaper,1,0.0027
1854,1763742865,Train Sim World® 2,1,0.0027
1855,974917521,Train Sim World® 2020,1,0.0027
1856,383880849,Transference™,1,0.0027
1857,937464404,Trials Evolution,1,0.0027
1858,1910952414,TRIALS of MANA,1,0.0027
1859,1112934381,Tron: Evolution,1,0.0027
1860,716478832,TT Isle of Man,1,0.0027
1861,1879353165,TT Isle of Man Ride on the Edge 2,1,0.0027
1862,1848191014,TUNIC,1,0.0027
1863,1661098733,Turbo Golf Racing,1,0.0027
1864,495493033,Turok,1,0.0027
1865,644829211,Turok 2: Seeds of Evil,1,0.0027
1866,2050010864,Two Point Hospital™,1,0.0027
1867,1683451145,Ultra Foodmess Deluxe,1,0.0027
1868,1660320477,Undertale,1,0.0027
1869,1840411466,Untitled Goose Game,1,0.0027
1870,1828894151,Valiant Hearts: Coming Home,1,0.0027
1871,1774337609,Vampire: The Masquerade® - Bloodlines™ 2,1,0.0027
1872,1777656573,Vanquish,1,0.0027
1873,1397033025,VANQUISH,1,0.0027
1874,1480659612,Virtua Fighter 2,1,0.0027
1875,1778298055,Void Bastards,1,0.0027
1876,689916261,"Warhammer 40,000: Inquisitor - Martyr Ultimate Edition",1,0.0027
1877,2078235268,"Warhammer 40,000: Shootas, Blood & Teef",1,0.0027
1878,648298719,Warhammer: Chaosbane Xbox One,1,0.0027
1879,1830033435,Warm Snow,1,0.0027
1880,328245964,WARRIORS OROCHI 3 Ultimate,1,0.0027
1881,922226657,Wasteland 2: Director's Cut,1,0.0027
1882,930102652,We Sing Pop,1,0.0027
1883,2039837995,We Were Here Forever,1,0.0027
1884,1880521273,Webgeon Speedrun Edition,1,0.0027
1885,1807860559,Werewolf: The Apocalypse - Earthblood,1,0.0027
1886,1816197116,Wheel World,1,0.0027
1887,2059119705,Wheelox,1,0.0027
1888,1851310927,Who Wants to Be a Millionaire?,1,0.0027
1889,2000887001,Wild American Hunt,1,0.0027
1890,2069636428,WINGSPAN,1,0.0027
1891,2023196561,Witch It,1,0.0027
1892,1690524168,Wo Long: Fallen Dynasty,1,0.0027
1893,1888936506,Worms Armageddon: Anniversary Edition,1,0.0027
1894,1900124001,WRC 10 FIA World Rally Championship Xbox One,1,0.0027
1895,1048549433,WRC 6 FIA World Rally Championship,1,0.0027
1896,1894333860,WRC 8 FIA World Rally Championship Xbox One,1,0.0027
1897,1922758426,WRC 9 FIA World Rally Championship,1,0.0027
1898,181948997,WWE 2K15,1,0.0027
1899,1649362500,Xmas Survivors,1,0.0027
1900,1917938753,Yakuza 0,1,0.0027
1901,2069910424,Yakuza 0 Director's Cut,1,0.0027
1902,1636871347,Yakuza Kiwami,1,0.0027
1903,391356720,Yooka-Laylee,1,0.0027
1904,1148805248,Yu-Gi-Oh! Legacy of the Duelist,1,0.0027
1905,2022203558,Yuppie Psycho,1,0.0027
1906,1263405122,ZOE HD ,1,0.0027
1907,1520322998,Zombie Army Trilogy,1,0.0027
1908,820078969,Zombie Driver Ultimate Edition,1,0.0027
1909,711381438,Zoo Tycoon,1,0.0027
