rank,title_id,title,players,percentage
1,228748,Fortnite,8498,18.2263
2,223118,Roblox,6928,14.859
3,10011898,EA SPORTS FC™ 26,6096,13.0745
4,201930,Grand Theft Auto V,3743,8.0279
5,10001130,Call of Duty®,3177,6.8139
6,203715,Rocket League®,3043,6.5265
7,10017658,Call of Duty®: Black Ops II,2820,6.0483
8,10014149,NBA 2K26,2737,5.8702
9,212779,Minecraft,1998,4.2853
10,203897,Tom Clancy's Rainbow Six Siege,1344,2.8826
11,10010451,Marvel Rivals,1200,2.5737
12,232352,Apex Legends™,829,1.778
13,10016592,EA SPORTS™ College Football 27,824,1.7673
14,10011645,Call of Duty®: Modern Warfare® III,808,1.733
15,10009568,Battlefield™ 6,707,1.5164
16,10017657,Call of Duty®: Black Ops,667,1.4306
17,10002427,eFootball™,620,1.3298
18,10012604,EA SPORTS™ Madden NFL 26,605,1.2976
19,10002456,Marvel's Spider-Man 2,597,1.2804
20,216627,Overwatch®,578,1.2397
21,227319,Dead by Daylight,518,1.111
22,10015430,MLB® The Show™ 26,514,1.1024
23,10011027,Palworld,508,1.0895
24,209441,Red Dead Redemption 2,494,1.0595
25,10010048,VALORANT,488,1.0466
26,10013987,Assassin's Creed Black Flag Resynced,474,1.0166
27,10009762,EA SPORTS FC™ 25,433,0.9287
28,10002788,UFC® 5,411,0.8815
29,200763,Call of Duty®: Black Ops III,361,0.7743
30,10006353,skate.™,341,0.7314
31,10002313,The Crew Motorfest,318,0.682
32,216932,Brawlhalla,317,0.6799
33,10011247,UFC® 6,306,0.6563
34,10000956,Gran Turismo® 7,275,0.5898
35,10003610,ARC Raiders,270,0.5791
36,10003354,Fall Guys,269,0.5769
37,10000229,ASTRO's PLAYROOM,255,0.5469
38,10012463,EA SPORTS™ College Football 26,253,0.5426
39,10013884,Halo: Campaign Evolved,247,0.5298
40,221852,Destiny 2,230,0.4933
41,234567,Cyberpunk 2077,226,0.4847
42,10010647,Forza Horizon 5,226,0.4847
43,10004911,Mortal Kombat 1,207,0.444
44,10009763,Zenless Zone Zero,199,0.4268
45,10007176,EA SPORTS FC™ 24,191,0.4097
46,10009612,Farming Simulator 25,174,0.3732
47,10013165,Call of Duty®: Black Ops 6,171,0.3668
48,10015300,WWE 2K26,169,0.3625
49,10007902,DRAGON BALL: Sparking! ZERO,168,0.3603
50,10000657,HELLDIVERS™ 2,168,0.3603
51,10000762,Marvel's Spider-Man,166,0.356
52,235179,Avatar: Frontiers of Pandora™,163,0.3496
53,10001850,God of War Ragnarök,162,0.3475
54,205342,Warframe,160,0.3432
55,10000333,ELDEN RING,159,0.341
56,216234,Gang Beasts,158,0.3389
57,10010481,NBA 2K25,155,0.3324
58,10012874,NTE: Neverness to Everness,148,0.3174
59,10012851,NHL® 26,145,0.311
60,221694,For Honor,143,0.3067
61,233072,Rust Console Edition,139,0.2981
62,10009297,Undisputed,139,0.2981
63,10008286,ARK: Survival Ascended,138,0.296
64,10003386,Rise of the Ronin™,137,0.2938
65,221850,DayZ,134,0.2874
66,10000896,Genshin Impact,132,0.2831
67,235227,Ghost of Tsushima,121,0.2595
68,10006560,007 First Light,115,0.2466
69,230079,The Last of Us™ Part II,115,0.2466
70,231756,Mortal Kombat 11,114,0.2445
71,10011830,F1® 25,111,0.2381
72,10011349,REMATCH,111,0.2381
73,10006270,TEKKEN 8,111,0.2381
74,10003923,Ghost of Yōtei,108,0.2316
75,10002363,Crimson Desert,105,0.2252
76,205366,War Thunder,104,0.2231
77,10004336,EA SPORTS™ FIFA 23,103,0.2209
78,10001988,The Outlast Trials,103,0.2209
79,10007588,Stumble Guys,101,0.2166
80,229601,Assassin's Creed® Odyssey,100,0.2145
81,10000649,Marvel's Spider-Man: Miles Morales,97,0.208
82,10004473,Resident Evil 4,96,0.2059
83,10006873,THE FINALS,95,0.2038
84,10009213,Ready or Not,92,0.1973
85,10010992,Escape the Backrooms,89,0.1909
86,10008972,PGA TOUR 2K25,89,0.1909
87,10002811,Among Us,87,0.1866
88,231761,Diablo® IV,87,0.1866
89,10010971,Call of Duty®: Modern Warfare® II,86,0.1845
90,10003151,EA SPORTS™ College Football 25,86,0.1845
91,228857,The Sims™ 4,86,0.1845
92,233030,EA SPORTS™ UFC® 4,84,0.1802
93,10005673,Phasmophobia,84,0.1802
94,201129,Dying Light,82,0.1759
95,10002357,MY HERO ULTRA RUMBLE,82,0.1759
96,10015533,Resident Evil Requiem,82,0.1759
97,10003330,"Warhammer 40,000: Space Marine 2",82,0.1759
98,217012,DRAGON BALL XENOVERSE 2,81,0.1737
99,10002684,ASTRO BOT,80,0.1716
100,10010877,ELDEN RING NIGHTREIGN,80,0.1716
101,10008048,Grounded PS4® & PS5®,80,0.1716
102,230955,The Elder Scrolls V: Skyrim Special Edition,79,0.1694
103,10005275,Honkai: Star Rail,77,0.1651
104,232300,Call of Duty®: Black Ops 4,76,0.163
105,232860,PUBG: BATTLEGROUNDS,76,0.163
106,232447,Hogwarts Legacy,75,0.1609
107,234689,It Takes Two  PS4™ & PS5™,75,0.1609
108,10008740,Asphalt Legends,74,0.1587
109,229182,Call of Duty®: Modern Warfare®,74,0.1587
110,10000459,Riders Republic™,72,0.1544
111,205354,UNCHARTED: Legacy of Thieves Collection,72,0.1544
112,232391,Tom Clancy's The Division® 2,71,0.1523
113,233407,Call of Duty®: Black Ops Cold War,70,0.1501
114,227770,God of War,69,0.148
115,10000237,Assassin's Creed Valhalla,66,0.1416
116,229438,STAR WARS™ Battlefront™ II,66,0.1416
117,10014058,Delta Force,65,0.1394
118,234659,Need for Speed™ Heat,65,0.1394
119,10010764,Wuthering Waves,65,0.1394
120,10008019,MARVEL Tōkon: Fighting Souls,64,0.1373
121,10009326,EA SPORTS™ Madden NFL 25,63,0.1351
122,10002538,FIFA 22,62,0.133
123,10009909,Assassin’s Creed Shadows,61,0.1308
124,10001369,Cuphead,61,0.1308
125,228868,theHunter: Call of the Wild™,60,0.1287
126,10011213,MLB® The Show™ 25,58,0.1244
127,10010198,Arma Reforger,57,0.1223
128,10000161,CarX Drift Racing Online,56,0.1201
129,10002100,FINAL FANTASY XVI,56,0.1201
130,227552,ザ クルー2,56,0.1201
131,10000171,Share Factory Studio,55,0.118
132,10002694,The Last of Us™ Part I,55,0.118
133,10005176,Monster Hunter Wilds,54,0.1158
134,10000248,HITMAN World of Assassination,53,0.1137
135,10007460,Baldur's Gate 3,52,0.1115
136,202943,Mortal Kombat X,52,0.1115
137,10008409,Firefighting Simulator: Ignite,51,0.1094
138,228720,Fishing Planet,51,0.1094
139,10001615,Street Fighter 6,51,0.1094
140,227139,Human Fall Flat,50,0.1072
141,10001269,Need for Speed™ Unbound,50,0.1072
142,201061,Dead Island 2,49,0.1051
143,10014720,The Seven Deadly Sins: Origin,49,0.1051
144,10008537,LEGO® Batman™: Legacy of the Dark Knight,48,0.1029
145,10009245,SMITE 2,47,0.1008
146,10008651,MLB® The Show™ 24,46,0.0987
147,10004289,UFL,45,0.0965
148,232248,Fallout 76,43,0.0922
149,233112,Tom Clancy’s Ghost Recon® Breakpoint,43,0.0922
150,201511,Fallout 4,42,0.0901
151,229066,Granblue Fantasy: Relink,42,0.0901
152,10003999,FINAL FANTASY VII REBIRTH,41,0.0879
153,221727,Horizon Zero Dawn™,41,0.0879
154,10000950,Path Of Titans,41,0.0879
155,229500,RESIDENT EVIL 2,41,0.0879
156,10008884,Sea of Thieves,41,0.0879
157,201697,Tom Clancy's Ghost Recon® Wildlands,41,0.0879
158,10011142,Where Winds Meet (F2P),41,0.0879
159,10007144,Black Myth: Wukong,40,0.0858
160,201579,FINAL FANTASY XIV Online,40,0.0858
161,10000928,MX vs ATV Legends,40,0.0858
162,10003763,Predecessor,40,0.0858
163,217611,3on3 Freestyle,39,0.0836
164,224802,ARK: Survival Evolved,39,0.0836
165,10009205,Arknights: Endfield,39,0.0836
166,228726,DRAGON BALL FighterZ,39,0.0836
167,203427,Plants vs Zombies GW2,39,0.0836
168,203383,Plex,39,0.0836
169,10005318,The First Descendant,39,0.0836
170,227410,Kingdom Come: Deliverance,38,0.0815
171,10003336,MBC Shahid,38,0.0815
172,212870,NARUTO SHIPPUDEN: Ultimate Ninja STORM 4,38,0.0815
173,10008451,7 Days to Die - Console Edition,37,0.0794
174,233410,Crash™ Team Racing Nitro-Fueled,37,0.0794
175,216600,No Man's Sky,37,0.0794
176,10000177,Sackboy: A Big Adventure,37,0.0794
177,10010684,WWE 2K25,37,0.0794
178,10004865,Assassin's Creed® Mirage,36,0.0772
179,227115,Call of Duty®: WWII,36,0.0772
180,10007638,DRAGONBALL GEKISHIN SQUADRA,36,0.0772
181,233961,FAR CRY®6,36,0.0772
182,10001996,Hell Let Loose,36,0.0772
183,232654,Hollow Knight,36,0.0772
184,229018,DAYS GONE,35,0.0751
185,235235,Resident Evil Village,35,0.0751
186,200472,BATMAN™: ARKHAM KNIGHT,34,0.0729
187,234762,Chivalry 2,33,0.0708
188,10003552,Grand Theft Auto: San Andreas – The Definitive Edition,33,0.0708
189,10009198,Mighty Morphin Power Rangers: Rita's Rewind,33,0.0708
190,10000899,Overcooked! All You Can Eat,33,0.0708
191,203902,Rayman Legends,33,0.0708
192,10005570,Sonic Racing: CrossWorlds,33,0.0708
193,10008755,SONIC X SHADOW GENERATIONS,33,0.0708
194,10005449,Split Fiction,33,0.0708
195,10012563,The Mound: Omen of Cthulhu,33,0.0708
196,232796,World of Warships: Legends,33,0.0708
197,204794,ウィッチャー３　ワイルドハント,33,0.0708
198,10018989,Avatar Legends: The Fighting Game,32,0.0686
199,200520,Bloodborne™,32,0.0686
200,212581,World of Tanks Modern Armor,32,0.0686
201,10001481,Yu-Gi-Oh! MASTER DUEL,32,0.0686
202,10000349,eFootball PES 2021 SEASON UPDATE,31,0.0665
203,221692,Far Cry® 5,31,0.0665
204,233621,Mount & Blade II: Bannerlord,31,0.0665
205,10005529,SILENT HILL 2,31,0.0665
206,10005323,Star Wars Outlaws,31,0.0665
207,231416,The Forest,31,0.0665
208,10001771,Farming Simulator 22,30,0.0643
209,221732,Injustice 2,30,0.0643
210,227447,NARUTO TO BORUTO: SHINOBI STRIKER,30,0.0643
211,10005114,STAR WARS Jedi: Survivor™,30,0.0643
212,204861,The Elder Scrolls Online,30,0.0643
213,216759,WATCH_DOGS® 2,30,0.0643
214,10020059,Buffet Boss,29,0.0622
215,233495,DELTARUNE,29,0.0622
216,10005908,Hollow Knight: Silksong,29,0.0622
217,228638,The Last of Us™ Remastered,29,0.0622
218,221672,Call of Duty®: Infinite Warfare,28,0.0601
219,10008503,Clair Obscur: Expedition 33,28,0.0601
220,10011468,Dying Light: The Beast,28,0.0601
221,10012768,GOALS,28,0.0601
222,10006210,Kingdom Come: Deliverance II,28,0.0601
223,10007550,Mediaset Infinity,28,0.0601
224,216064,Batman: Return to Arkham,27,0.0579
225,222727,Detroit: Become Human™,27,0.0579
226,10003123,Goat Simulator 3,27,0.0579
227,10000886,Horizon Forbidden West,27,0.0579
228,232898,Sekiro™: Shadows Die Twice,27,0.0579
229,10007978,WWE 2K24,27,0.0579
230,225519,Assassin's Creed The Ezio Collection,26,0.0558
231,10011010,For The King II,26,0.0558
232,216695,Middle-earth™: Shadow of War™,26,0.0558
233,10001555,Persona 3 Reload,26,0.0558
234,204584,The Binding of Isaac: Rebirth,26,0.0558
235,222066,Assassin's Creed® Origins,25,0.0536
236,10000819,Borderlands 4,25,0.0536
237,227147,Insurgency: Sandstorm [PS4 & PS5],25,0.0536
238,10006239,Madden NFL 24,25,0.0536
239,10008864,Marathon,25,0.0536
240,10011463,Microsoft Flight Simulator 2024,25,0.0536
241,227229,Stardew Valley,25,0.0536
242,232043,Stick Fight: The Game,25,0.0536
243,205080,Terraria – PlayStation®4 Edition,25,0.0536
244,10010263,"Warhammer 40,000: Darktide",25,0.0536
245,10010334,Balatro,24,0.0515
246,201190,DARK SOULS™ III,24,0.0515
247,10009984,DOOM: The Dark Ages,24,0.0515
248,235061,Golf With Your Friends,24,0.0515
249,10004744,NARUTO X BORUTO Ultimate Ninja STORM CONNECTIONS,24,0.0515
250,10004708,TopSpin 2K25,24,0.0515
251,200088,Assassin's Creed® Unity,23,0.0493
252,231228,Descenders,23,0.0493
253,201634,Far Cry® Primal,23,0.0493
254,234568,FIFA 20,23,0.0493
255,228744,FINAL FANTASY VII REMAKE,23,0.0493
256,10014519,Football Manager 26 Console,23,0.0493
257,10010602,Path of Exile 2,23,0.0493
258,10006891,Stellar Blade™,23,0.0493
259,200089,Assassin's Creed® IV Black Flag,22,0.0472
260,10002651,Disney Speedstorm,22,0.0472
261,10008091,Nickelodeon All-Star Brawl 2,22,0.0472
262,220037,RESIDENT EVIL 7 biohazard,22,0.0472
263,235234,Trailmakers,22,0.0472
264,217373,UNO®,22,0.0472
265,10005853,WUCHANG: Fallen Feathers,22,0.0472
266,234902,Assetto Corsa Competizione,21,0.045
267,201407,FIFA 17,21,0.045
268,227137,FIFA 18,21,0.045
269,231776,FIFA 19,21,0.045
270,10000278,FIFA 21,21,0.045
271,231096,Hello Neighbor,21,0.045
272,10008649,Mafia: Trilogy,21,0.045
273,10011588,My First Gran Turismo,21,0.045
274,10014332,NASCAR 25,21,0.045
275,221813,Titanfall™ 2,21,0.045
276,10015041,Backrooms: Escape Together,20,0.0429
277,10002466,Disney Dreamlight Valley,20,0.0429
278,10017920,Gladio Mori,20,0.0429
279,202819,MLB,20,0.0429
280,223086,Need for Speed™ Payback,20,0.0429
281,233069,RESIDENT EVIL 3,20,0.0429
282,231844,Shadow of the Tomb Raider,20,0.0429
283,234959,SnowRunner,20,0.0429
284,10011934,Starfield,20,0.0429
285,10003641,Totally Accurate Battle Simulator,20,0.0429
286,227061,A Way Out,19,0.0408
287,227649,Crash Bandicoot N. Sane Trilogy,19,0.0408
288,10001723,Crave,19,0.0408
289,200959,Destiny,19,0.0408
290,225697,KINGDOM HEARTS - HD 1.5+2.5 ReMIX -,19,0.0408
291,10002771,Persona 5 Royal,19,0.0408
292,10000663,POLICE SIMULATOR: PATROL OFFICERS,19,0.0408
293,10003654,PowerWash Simulator,19,0.0408
294,232116,Resident Evil 6,19,0.0408
295,10001758,Trackmania®,19,0.0408
296,228887,Undertale,19,0.0408
297,10002474,Enlisted,18,0.0386
298,10012067,Jurassic World Evolution 3,18,0.0386
299,202493,LEGO® Marvel™ Super Heroes,18,0.0386
300,231363,MOBILE SUIT GUNDAM BATTLE OPERATION 2,18,0.0386
301,10004836,NBA 2K23,18,0.0386
302,10007788,NBA 2K24,18,0.0386
303,203053,NOW,18,0.0386
304,10000669,Ratchet & Clank: Rift Apart,18,0.0386
305,222022,TEKKEN™7,18,0.0386
306,10003910,Test Drive Unlimited Solar Crown,18,0.0386
307,232581,Watch Dogs: Legion,18,0.0386
308,10004896,Wobbly Life,18,0.0386
309,227252,Wreckfest,18,0.0386
310,221824,Battlefield™ 1,17,0.0365
311,10008540,Demon Slayer -Kimetsu no Yaiba- The Hinokami Chronicles 2,17,0.0365
312,233235,DRAGON BALL Z: KAKAROT,17,0.0365
313,10003551,Grand Theft Auto: Vice City – The Definitive Edition,17,0.0365
314,232847,LEGO® Star Wars™: The Skywalker Saga,17,0.0365
315,229261,Rec Room,17,0.0365
316,10006164,Red Dead Redemption,17,0.0365
317,10014968,Content Warning,16,0.0343
318,226237,DARK SOULS™ II: Scholar of the First Sin,16,0.0343
319,10006008,F1® 23,16,0.0343
320,10001137,Five Nights at Freddy's: Security Breach,16,0.0343
321,234014,HUNT: SHOWDOWN 1896,16,0.0343
322,10006052,Lies of P,16,0.0343
323,10002848,Lords of the Fallen,16,0.0343
324,10003464,Maximum Football,16,0.0343
325,10014010,Nioh 3,16,0.0343
326,10003285,PGA TOUR 2K23,16,0.0343
327,10011314,PowerWash Simulator 2,16,0.0343
328,209904,Prominence Poker,16,0.0343
329,232115,Resident Evil 5,16,0.0343
330,221750,Rise of the Tomb Raider,16,0.0343
331,235037,Rogue Company,16,0.0343
332,230658,World War Z: Aftermath,16,0.0343
333,10001967,Car Mechanic Simulator 2021,15,0.0322
334,200995,DC Universe Online,15,0.0322
335,232374,Dying Light 2,15,0.0322
336,205174,Fandango at Home,15,0.0322
337,231944,LEGO® DC Super-Villains,15,0.0322
338,10011746,NBA THE RUN,15,0.0322
339,10010023,Party Animals,15,0.0322
340,10009602,Raft,15,0.0322
341,232345,STAR WARS Jedi: Fallen Order™,15,0.0322
342,10002719,The Texas Chain Saw Massacre,15,0.0322
343,233032,Black Desert,14,0.03
344,10006070,Bluey: The Videogame,14,0.03
345,10001917,CarX Street,14,0.03
346,233619,CrossCode,14,0.03
347,229482,DARK SOULS™: REMASTERED,14,0.03
348,10001538,DEATH STRANDING 2: ON THE BEACH,14,0.03
349,234585,DEATH STRANDING™,14,0.03
350,10010956,Echoes of Aincrad,14,0.03
351,216187,Enter the Gungeon,14,0.03
352,10012871,FragPunk,14,0.03
353,202494,LEGO® MARVEL's Avengers,14,0.03
354,10005069,SAROS,14,0.03
355,233594,Sid Meier's Civilization VI,14,0.03
356,10007904,Teardown,14,0.03
357,10000039,Untitled Goose Game,14,0.03
358,232589,Vigor,14,0.03
359,10004116,Wo Long: Fallen Dynasty,14,0.03
360,10010798,World of Outlaws: Dirt Racing 24,14,0.03
361,227326,Battlefield™ V,13,0.0279
362,10004355,bilibili,13,0.0279
363,10002097,Bleach: Brave Souls Anime Game,13,0.0279
364,200756,Call of Duty®: Advanced Warfare,13,0.0279
365,205996,Channel 4,13,0.0279
366,10002958,Dead Space,13,0.0279
367,232624,DOOM Eternal,13,0.0279
368,10008874,F1® 24,13,0.0279
369,10015370,Invincible VS,13,0.0279
370,10005744,MLB® The Show™ 23,13,0.0279
371,10009028,Poppy Playtime: Chapter 1,13,0.0279
372,10001973,Sifu,13,0.0279
373,225700,Skull and Bones™,13,0.0279
374,204541,Sky Go,13,0.0279
375,10002630,The Binding of Isaac: Repentance,13,0.0279
376,10012483,Abiotic Factor,12,0.0257
377,231856,Assassin's Creed® III Remastered,12,0.0257
378,200759,Call of Duty® Ghosts,12,0.0257
379,10001234,Call of Duty®: Vanguard,12,0.0257
380,10007312,Deceit 2,12,0.0257
381,227315,Devil May Cry 5 Series,12,0.0257
382,10004258,EA SPORTS™ WRC,12,0.0257
383,233374,eFootball PES 2020,12,0.0257
384,201624,Far Cry® 4,12,0.0257
385,10008829,Gears of War: Reloaded,12,0.0257
386,215358,Gran Turismo™SPORT,12,0.0257
387,10004842,Infinity Nikki,12,0.0257
388,10002577,Jurassic World Evolution 2,12,0.0257
389,228783,LEGO® MARVEL Super Heroes 2,12,0.0257
390,10007134,Mafia: The Old Country,12,0.0257
391,234843,Marvel's Avengers,12,0.0257
392,10000988,My Videos,12,0.0257
393,10008585,NEW MONOPOLY®,12,0.0257
394,10006500,NHL® 24,12,0.0257
395,10013935,OSN+,12,0.0257
396,10003247,RIDE 5,12,0.0257
397,10001521,Stan.,12,0.0257
398,205353,Uncharted™: The Nathan Drake Collection,12,0.0257
399,10005267,WWE 2K23,12,0.0257
400,200449,Battlefield 4™,11,0.0236
401,10000758,Battlefield™ 2042,11,0.0236
402,10001710,BLEACH Rebirth of Souls,11,0.0236
403,221941,Call of Duty®: Modern Warfare® Remastered,11,0.0236
404,10001789,EA SPORTS™ PGA TOUR™,11,0.0236
405,234277,Five Nights at Freddy's VR: Help Wanted,11,0.0236
406,10000453,Guilty Gear -Strive-,11,0.0236
407,10001302,JoJo's Bizarre Adventure: All-Star Battle R,11,0.0236
408,232717,JUMP FORCE,11,0.0236
409,10008183,Life is Strange: Double Exposure,11,0.0236
410,234770,Mafia II: Definitive Edition,11,0.0236
411,10001029,Metaphor: ReFantazio,11,0.0236
412,228785,Monster Hunter: World,11,0.0236
413,10008971,Off The Grid - Early Access,11,0.0236
414,231987,Path of Exile,11,0.0236
415,10007263,PAYDAY 3,11,0.0236
416,10009610,Planet Coaster 2,11,0.0236
417,10002075,PRAGMATA,11,0.0236
418,234386,Risk of Rain 2,11,0.0236
419,10002042,Saints Row,11,0.0236
420,10009803,Slime Rancher 2,11,0.0236
421,10010627,Squirrel with a Gun,11,0.0236
422,10010248,The Elder Scrolls IV: Oblivion Remastered,11,0.0236
423,234566,The Walking Dead: The Telltale Definitive Series,11,0.0236
424,10002065,Alan Wake 2,10,0.0214
425,227478,Borderlands 3,10,0.0214
426,231261,Conan Exiles,10,0.0214
427,10000438,Construction Simulator,10,0.0214
428,231800,DEAD OR ALIVE 6,10,0.0214
429,10017626,eBaseball™: PRO SPIRIT,10,0.0214
430,228618,God of War® III Remastered,10,0.0214
431,233383,Gotham Knights,10,0.0214
432,10014425,Hell Let Loose: Vietnam,10,0.0214
433,10005321,Killing Floor 3,10,0.0214
434,208810,KINGDOM HEARTS Ⅲ,10,0.0214
435,202542,LittleBigPlanet™3,10,0.0214
436,233202,Maneater,10,0.0214
437,10007293,METAL GEAR SOLID Δ: SNAKE EATER,10,0.0214
438,234529,Persona 5 Royal,10,0.0214
439,232120,Resident Evil Revelations 2,10,0.0214
440,10001609,Suicide Squad: Kill the Justice League,10,0.0214
441,205264,WATCH_DOGS™,10,0.0214
442,10010939,Wizard101,10,0.0214
443,10005841,2XKO,9,0.0193
444,221661,ACE COMBAT™ 7: SKIES UNKNOWN,9,0.0193
445,212339,Assassin's Creed® Syndicate,9,0.0193
446,10011854,Blades of Fire,9,0.0193
447,215282,Borderlands: The Handsome Collection,9,0.0193
448,200477,Bully,9,0.0193
449,233219,CAPTAIN TSUBASA: RISE OF NEW CHAMPIONS,9,0.0193
450,10000264,Crash Bandicoot™ 4: It’s About Time,9,0.0193
451,227108,Crossout,9,0.0193
452,10000368,Demon's Souls,9,0.0193
453,10008826,Enotria: The Last Song,9,0.0193
454,204590,Four Kings Casino and Slots,9,0.0193
455,10018449,Hades II,9,0.0193
456,231308,INAZUMA ELEVEN: Victory Road,9,0.0193
457,202450,LEGO® Jurassic World™,9,0.0193
458,221722,METAL GEAR SOLID V: THE DEFINITIVE EXPERIENCE,9,0.0193
459,10005250,Monster Hunter Rise,9,0.0193
460,10008248,Monster Jam™ Showdown,9,0.0193
461,10013904,Mortal Kombat: Legacy Kollection,9,0.0193
462,10012661,MY HERO ACADEMIA: All’s Justice,9,0.0193
463,234460,NBA 2K20,9,0.0193
464,10009268,NHL® 25,9,0.0193
465,217712,Paladins,9,0.0193
466,10010001,Palia,9,0.0193
467,10010437,Poppy Playtime: Chapter 2,9,0.0193
468,10010999,REANIMAL,9,0.0193
469,10013838,Rugby League 26,9,0.0193
470,234363,Sniper Elite 5,9,0.0193
471,10009300,Snow Bros. Wonderland,9,0.0193
472,222446,Star Trek Online,9,0.0193
473,10001114,Stray,9,0.0193
474,233441,Team Sonic Racing,9,0.0193
475,10011105,The Exit 8,9,0.0193
476,10008034,Throne and Liberty,9,0.0193
477,227750,Ultimate Marvel vs. Capcom 3,9,0.0193
478,10007264,Blasphemous 2,8,0.0172
479,10003945,Call of the Wild: The Angler™,8,0.0172
480,233200,Car Mechanic Simulator,8,0.0172
481,10005732,Cities: Skylines - Remastered,8,0.0172
482,231819,Control,8,0.0172
483,10001858,Crusader Kings III,8,0.0172
484,10004484,Cult of the Lamb,8,0.0172
485,10000309,Diablo® II: Resurrected™,8,0.0172
486,10011861,Digimon Story Time Stranger,8,0.0172
487,228538,Dishonored® Definitive Edition,8,0.0172
488,201406,FIFA 16,8,0.0172
489,201588,FINAL FANTASY X/X-2 HD Remaster,8,0.0172
490,235195,Five Nights at Freddy's 2,8,0.0172
491,10003550,Grand Theft Auto III – The Definitive Edition,8,0.0172
492,201957,Grand Theft Auto: San Andreas,8,0.0172
493,10007961,High On Life,8,0.0172
494,10012995,High On Life 2,8,0.0172
495,10005862,Jujutsu Kaisen Cursed Clash,8,0.0172
496,234665,Marvel's Guardians of the Galaxy,8,0.0172
497,10002129,Marvel's Midnight Suns,8,0.0172
498,10012545,MARVEL Cosmic Invasion,8,0.0172
499,10009938,MARVEL vs. CAPCOM Fighting Collection: Arcade Classics,8,0.0172
500,10007607,METAL GEAR SOLID: MASTER COLLECTION Vol. 1,8,0.0172
501,10000378,Minecraft Dungeons,8,0.0172
502,10004405,NARAKA: BLADEPOINT,8,0.0172
503,212864,Need for Speed™,8,0.0172
504,234389,Nioh 2,8,0.0172
505,10007566,PlateUp!,8,0.0172
506,10018882,Poppy Playtime: Chapter 5,8,0.0172
507,10008324,Rugby 25,8,0.0172
508,225857,SHADOW OF THE COLOSSUS™,8,0.0172
509,227227,Sonic Mania,8,0.0172
510,221765,STEEP,8,0.0172
511,232519,Stranded Deep,8,0.0172
512,10019459,The Legend Of Fireball,8,0.0172
513,212740,Tomb Raider: Definitive Edition,8,0.0172
514,10007897,Until Dawn™,8,0.0172
515,10001895,7plus,7,0.015
516,10003284,Aimlabs,7,0.015
517,200213,Alien: Isolation™,7,0.015
518,10008698,Coral Island,7,0.015
519,10008264,Cricket 24,7,0.015
520,10015063,Denshattack!,7,0.015
521,232437,DiRT Rally 2.0,7,0.015
522,10005844,Dragon's Dogma 2,7,0.015
523,231872,Farming Simulator 19,7,0.015
524,201597,FINAL FANTASY XV,7,0.015
525,234740,Five Nights at Freddy's,7,0.015
526,10004572,Hamster Playground,7,0.015
527,10008300,Holdfast: Nations At War,7,0.015
528,232286,Hungry Shark® World,7,0.015
529,202138,inFAMOUS™ Second Son,7,0.015
530,10001524,JOYN,7,0.015
531,223683,LEGO®  Harry Potter™ Collection,7,0.015
532,202496,LEGO® Batman™ 3: Beyond Gotham,7,0.015
533,10007722,LEGO® Horizon Adventures™,7,0.015
534,202860,METAL GEAR SOLID V: THE PHANTOM PAIN,7,0.015
535,231769,Metro Exodus,7,0.015
536,10012110,NINJA GAIDEN 4,7,0.015
537,234628,ONE PIECE: PIRATE WARRIORS 4,7,0.015
538,231035,PAYDAY 2: CRIMEWAVE EDITION,7,0.015
539,216741,Pluto TV ,7,0.015
540,10000299,POKER CLUB,7,0.015
541,10006452,Pool Blitz,7,0.015
542,10004544,Remnant II®,7,0.015
543,232114,resident evil 4 (2005),7,0.015
544,10000176,Returnal,7,0.015
545,10001738,Secret Neighbor,7,0.015
546,10004240,Session: Skate Sim,7,0.015
547,216489,South Park™: The Fractured But Whole™,7,0.015
548,204162,South Park™: The Stick of Truth™,7,0.015
549,233372,SpongeBob SquarePants: Battle For Bikini Bottom - Rehydrated,7,0.015
550,232883,Subnautica,7,0.015
551,10009018,Tony Hawk's™ Pro Skater™ 3 + 4,7,0.015
552,231650,Unravel TWO,7,0.015
553,10010458,Vampire Survivors,7,0.015
554,212152,Warface: Clutch,7,0.015
555,10001814,WWE 2K22,7,0.015
556,10001478,Alan Wake Remastered,6,0.0129
557,229433,Call of Duty®: Modern Warfare® 2 Campaign Remastered,6,0.0129
558,228418,Cars 3: Driven to Win,6,0.0129
559,222227,Clicker Heroes,6,0.0129
560,234401,DIRT 5,6,0.0129
561,10013259,Dispatch,6,0.0129
562,201101,DOOM,6,0.0129
563,231948,Fallout Shelter,6,0.0129
564,231486,Far Cry® 3 Classic Edition,6,0.0129
565,10002038,Green Hell,6,0.0129
566,10002648,Hades,6,0.0129
567,10005765,HOT WHEELS UNLEASHED™ 2 - Turbocharged,6,0.0129
568,10012238,Indiana Jones and the Great Circle,6,0.0129
569,217244,Kerbal Space Program Enhanced Edition,6,0.0129
570,229788,L.A. Noire,6,0.0129
571,224875,LEGO® CITY UNDERCOVER,6,0.0129
572,232630,Life is Strange 2,6,0.0129
573,232583,Little Nightmares II,6,0.0129
574,10003713,Little Nightmares III,6,0.0129
575,202765,Mad Max,6,0.0129
576,235302,Mafia: Definitive Edition,6,0.0129
577,10000606,Mass Effect™ Legendary Edition,6,0.0129
578,202832,MONOPOLY PLUS,6,0.0129
579,10012945,MOUSE: P.I. For Hire,6,0.0129
580,10000781,Need for Speed™ Hot Pursuit Remastered,6,0.0129
581,231121,Overcooked 2,6,0.0129
582,221742,Pro Evolution Soccer 2017,6,0.0129
583,227578,PRO EVOLUTION SOCCER 2018,6,0.0129
584,10011465,Project Motor Racing,6,0.0129
585,10016223,Psi-Ops: The Mindgate Conspiracy,6,0.0129
586,10014084,S.T.A.L.K.E.R. 2: Heart of Chornobyl,6,0.0129
587,10008447,Satisfactory,6,0.0129
588,10003168,Sid Meier's Civilization® VII,6,0.0129
589,204236,Street Fighter V,6,0.0129
590,204513,Surgeon Simulator,6,0.0129
591,10009937,The First Berserker: Khazan,6,0.0129
592,10000974,THE PLAYROOM,6,0.0129
593,10004123,The Quarry,6,0.0129
594,204941,Tom Clancy's The Division™,6,0.0129
595,235168,Tony Hawk's™ Pro Skater™ 1 + 2,6,0.0129
596,10017761,Tour de France 2026,6,0.0129
597,221793,Tricky Towers,6,0.0129
598,217424,TROVE,6,0.0129
599,10002780,Unicorn Overlord,6,0.0129
600,10018477,Wrap House Simulator,6,0.0129
601,10004982,WRC Generations – The FIA WRC Official Game,6,0.0129
602,10014070,Absolum,5,0.0107
603,228902,ADN,5,0.0107
604,216855,AdVenture Capitalist,5,0.0107
605,10009923,Another Crab’s Treasure,5,0.0107
606,10001815,ARMORED CORE™ VI FIRES OF RUBICON™,5,0.0107
607,230095,Assassin's Creed® Rogue Remastered,5,0.0107
608,234630,ASTRONEER,5,0.0107
609,10018445,Bag Fight,5,0.0107
610,10006098,Banishers: Ghosts of New Eden,5,0.0107
611,10018858,Bellwright,5,0.0107
612,200599,Beyond: Two Souls™,5,0.0107
613,216051,BioShock: The Collection,5,0.0107
614,10008379,BMX Streets,5,0.0107
615,216078,Broforce,5,0.0107
616,233251,Bus Simulator 21 Next Stop,5,0.0107
617,233119,Castle Crashers Remastered,5,0.0107
618,224821,Cities: Skylines,5,0.0107
619,10012400,Contraband Police,5,0.0107
620,233448,CRSED,5,0.0107
621,10017349,Cup Heroes,5,0.0107
622,233449,Deep Rock Galactic,5,0.0107
623,10002292,Disco Elysium - The Final Cut,5,0.0107
624,10008074,Disney Epic Mickey: Rebrushed,5,0.0107
625,10004937,Disney•Pixar Toy Story 3,5,0.0107
626,206887,Dreams™,5,0.0107
627,10005693,DREDGE,5,0.0107
628,201336,EA SPORTS™ UFC® 2,5,0.0107
629,10002862,EARTH DEFENSE FORCE 6,5,0.0107
630,10017627,eBaseball™: PRO SPIRIT 2026,5,0.0107
631,10016680,FATAL FRAME II: Crimson Butterfly REMAKE,5,0.0107
632,235193,Five Nights at Freddy's 4,5,0.0107
633,10004425,Flintlock: The Siege of Dawn,5,0.0107
634,10007911,Granblue Fantasy Versus: Rising,5,0.0107
635,231840,HITMAN™ 2,5,0.0107
636,10001874,HOT WHEELS UNLEASHED™,5,0.0107
637,202136,Injustice: Gods Among Us Ultimate Edition,5,0.0107
638,202416,Life Is Strange™,5,0.0107
639,10004462,Like a Dragon: Infinite Wealth PS4 & PS5,5,0.0107
640,235080,Madden NFL 21,5,0.0107
641,10000668,MLB® The Show 21™,5,0.0107
642,221735,Molotov,5,0.0107
643,223570,NARUTO SHIPPUDEN: Ultimate Ninja STORM TRILOGY,5,0.0107
644,10000470,NBA 2K21,5,0.0107
645,217642,Neverwinter,5,0.0107
646,10007919,Nine Sols,5,0.0107
647,224919,Outlast 2,5,0.0107
648,10006288,Pacific Drive,5,0.0107
649,10000811,PAW PAtrol Mighty Pups Save Adventure Bay,5,0.0107
650,10005670,PAW Patrol World,5,0.0107
651,10003932,PAW Patrol: Grand Prix,5,0.0107
652,10015043,PBA Pro Bowling 2026,5,0.0107
653,10005308,Pinball FX,5,0.0107
654,203420,Plants vs Zombies Garden Warfare,5,0.0107
655,10010722,Poppy Playtime: Chapter 3,5,0.0107
656,203474,PSO2 NEW GENESIS,5,0.0107
657,10006025,RoadCraft,5,0.0107
658,10010242,SILENT HILL f,5,0.0107
659,10003164,SILENT HILL: The Short Message,5,0.0107
660,10004206,Sky: Children of the Light,5,0.0107
661,233476,Slay the Spire,5,0.0107
662,204275,Sleeping Dogs,5,0.0107
663,211297,SMITE,5,0.0107
664,10000537,Sonic Colors: Ultimate,5,0.0107
665,221759,SpeedRunners,5,0.0107
666,10003866,SpongeBob SquarePants: The Cosmic Shake,5,0.0107
667,10013086,SpongeBob SquarePants: Titans of the Tide,5,0.0107
668,10014266,Starward,5,0.0107
669,10007988,Thank Goodness You're Here!,5,0.0107
670,229391,The Long Dark,5,0.0107
671,10018182,The Planet Crafter,5,0.0107
672,233592,Tom Clancy’s Rainbow Six® Extraction,5,0.0107
673,10008568,Tomb Raider I-III Remastered Starring Lara Croft,5,0.0107
674,205023,Trackmania Turbo,5,0.0107
675,203938,Trials Fusion™,5,0.0107
676,10015336,Tung Tung Tung Sahur Runner,5,0.0107
677,228877,Ultimate Chicken Horse,5,0.0107
678,221219,Ultra Street Fighter IV,5,0.0107
679,10005964,Vegas Infinite,5,0.0107
680,10011450,World of Tanks: HEAT,5,0.0107
681,216773,XCOM 2,5,0.0107
682,235238,Yakuza: Like A Dragon,5,0.0107
683,10015458,パワフルプロ野球2026-2027,5,0.0107
684,231873,60 Seconds! Reatomized,4,0.0086
685,10002255,A Plague Tale: Requiem,4,0.0086
686,10009261,Age of Empires II: Definitive Edition,4,0.0086
687,10002591,Aliens: Fireteam Elite,4,0.0086
688,205920,Assetto Corsa,4,0.0086
689,233064,Back 4 Blood,4,0.0086
690,10003743,BINGE,4,0.0086
691,10000854,Bugsnax,4,0.0086
692,231919,Bus Simulator,4,0.0086
693,10011288,Citizen Sleeper 2: Starward Vector,4,0.0086
694,10005989,Creed: Rise to Glory - Championship Edition™,4,0.0086
695,10010036,Crystal of Atlan,4,0.0086
696,200909,Devil May Cry 4 Special Edition,4,0.0086
697,10008357,Directive 8020,4,0.0086
698,10002895,Doki Doki Literature Club Plus!,4,0.0086
699,222250,Don't Starve Together: Console Edition,4,0.0086
700,201172,DRIVECLUB™,4,0.0086
701,224832,EA SPORTS™ UFC® 3,4,0.0086
702,221800,ESPN,4,0.0086
703,232910,Far Cry® New Dawn,4,0.0086
704,220518,FIFA 15,4,0.0086
705,10009325,Five Nights at Freddy's: Help Wanted 2,4,0.0086
706,10004499,Forever Skies,4,0.0086
707,10007669,Gorilla Tag,4,0.0086
708,10005976,Gothic 1 Remake,4,0.0086
709,231738,HAJWALA,4,0.0086
710,218318,Hatsune Miku: Project DIVA Future Tone,4,0.0086
711,10013503,Hellblade: Senua’s Sacrifice,4,0.0086
712,231717,Horizon Chase Turbo,4,0.0086
713,10006545,House Flipper 2,4,0.0086
714,10011881,I'm in Love With Your Dead Grandmother 3: Online Battle Royale,4,0.0086
715,10013354,ICARUS: Console Edition,4,0.0086
716,202209,Just Cause 3,4,0.0086
717,229133,Just Cause 4,4,0.0086
718,10001603,Kayo Sports,4,0.0086
719,10001235,Kena: Bridge of Spirits,4,0.0086
720,202454,LEGO® The Hobbit™,4,0.0086
721,202508,LEGO® Worlds,4,0.0086
722,223059,Little Nightmares,4,0.0086
723,224890,Marvel vs. Capcom: Infinite,4,0.0086
724,227871,Mass Effect™: Andromeda,4,0.0086
725,10003079,MXGP 2021 - The Official Motocross Videogame,4,0.0086
726,10010833,MXGP 24: The Official Game,4,0.0086
727,227423,MXGP3 - The Official Motocross Videogame,4,0.0086
728,10002581,My Friend Peppa Pig: Complete Edition,4,0.0086
729,212785,NBA 2K16,4,0.0086
730,10002860,NBA 2K22,4,0.0086
731,213861,Nioh,4,0.0086
732,203196,Outlast,4,0.0086
733,221740,Overcooked,4,0.0086
734,10006027,Overpass 2,4,0.0086
735,10003382,Persona 4 Golden,4,0.0086
736,10015126,Piece Out: Avatarland,4,0.0086
737,10014976,Plants vs. Zombies™: Replanted,4,0.0086
738,10005985,Prince of Persia The Lost Crown,4,0.0086
739,232112,Resident Evil,4,0.0086
740,10010475,RIDE 6,4,0.0086
741,10003485,RoboCop: Rogue City,4,0.0086
742,235059,Roller Champions™,4,0.0086
743,10002595,Rubber Bandits,4,0.0086
744,10017808,ScooterFlow,4,0.0086
745,231868,Slime Rancher,4,0.0086
746,216395,Sniper Elite 4,4,0.0086
747,10004658,Sonic Superstars,4,0.0086
748,230019,SOULCALIBUR™Ⅵ,4,0.0086
749,10003848,SpiderHeck,4,0.0086
750,10010012,SPLITGATE: Arena Reloaded,4,0.0086
751,232176,Spyro™ Reignited Trilogy,4,0.0086
752,213119,STAR WARS™ Battlefront™,4,0.0086
753,10005163,Still Wakes the Deep,4,0.0086
754,234410,Streets of Rage 4,4,0.0086
755,204051,Super Meat Boy!,4,0.0086
756,10005101,Tekken 6,4,0.0086
757,10008245,The Casting of Frank Stone™,4,0.0086
758,228861,The Evil Within® 2,4,0.0086
759,10000894,THE KING OF FIGHTERS XV,4,0.0086
760,228782,The LEGO® NINJAGO® Movie Video Game,4,0.0086
761,10000393,Totally Reliable Delivery Service,4,0.0086
762,10006870,Truck and Logistics Simulator,4,0.0086
763,204583,TVNZ+,4,0.0086
764,10006160,Viewfinder,4,0.0086
765,10007749,Who's Your Daddy?!,4,0.0086
766,219617,Worms W.M.D,4,0.0086
767,217751,Yakuza Kiwami,4,0.0086
768,232371,Zombie Army 4: Dead War,4,0.0086
769,10016582,Abyssus,3,0.0064
770,232664,Ancestors: The Humankind Odyssey,3,0.0064
771,10002689,Atlas Fallen: Reign Of Sand,3,0.0064
772,10018063,Avatar Island,3,0.0064
773,10006478,Bang-On Balls: Chronicles,3,0.0064
774,221667,Batman,3,0.0064
775,233889,Bee Simulator,3,0.0064
776,234613,Ben 10: Power Trip!,3,0.0064
777,10000502,Bloons TD 6,3,0.0064
778,10004602,Bomb Rush Cyberfunk,3,0.0064
779,228068,Bulletstorm: Full Clip Edition,3,0.0064
780,10007376,Cactus Cowboy - Plants At War,3,0.0064
781,10017883,Carry The Glass,3,0.0064
782,234578,Cat Quest II,3,0.0064
783,10004791,CATAN® - Console Edition,3,0.0064
784,10000271,Century: Age of Ashes,3,0.0064
785,10007275,Citizen Sleeper,3,0.0064
786,10017579,City Transport Simulator 2026,3,0.0064
787,229759,CODE VEIN,3,0.0064
788,10008761,Cookie Clicker,3,0.0064
789,10014471,Crime Scene Cleaner,3,0.0064
790,10011556,Cronos: The New Dawn,3,0.0064
791,223088,Danganronpa V3: Killing Harmony,3,0.0064
792,10014258,Darwin's Paradox!,3,0.0064
793,10009413,DAVE THE DIVER,3,0.0064
794,231053,Dead Cells,3,0.0064
795,228499,Dead Island - Definitive Edition,3,0.0064
796,201017,Dishonored 2,3,0.0064
797,200919,Divinity : Original Sin Enhanced Edition,3,0.0064
798,232084,Divinity: Original Sin 2 - Definitive Edition,3,0.0064
799,229006,Don't Bite Me Bro!,3,0.0064
800,10008842,DRAGON QUEST VII Reimagined,3,0.0064
801,229931,Drunkn Bar Fight,3,0.0064
802,10008191,DYNASTY WARRIORS: ORIGINS,3,0.0064
803,233121,Epic Roller Coasters,3,0.0064
804,209065,Everybody's Golf™,3,0.0064
805,10010493,F1® Manager 2024,3,0.0064
806,218097,F1™ 2016,3,0.0064
807,10008527,FINAL FANTASY TACTICS - The Ivalice Chronicles,3,0.0064
808,235192,Five Nights at Freddy's 3,3,0.0064
809,10012344,Five Nights at Freddy's: Secret of the Mimic,3,0.0064
810,10008128,Football Manager 2024 Console,3,0.0064
811,227121,Friday the 13th: The Game,3,0.0064
812,201723,Goat Simulator,3,0.0064
813,10012744,God of War Sons of Sparta,3,0.0064
814,10003002,GRID Legends,3,0.0064
815,10002096,Heavenly Bodies,3,0.0064
816,10005051,Hell is Us,3,0.0064
817,10000276,Horror Adventure (PSVR2),3,0.0064
818,10012021,I Am Cat,3,0.0064
819,10010137,Jak and Daxter™: The Precursor Legacy,3,0.0064
820,232859,Judgment,3,0.0064
821,10004701,Just Dance 2026 Edition,3,0.0064
822,221915,Killing Floor 2,3,0.0064
823,221709,KINGDOM HEARTS HD 2.8 FINAL CHAPTER PROLOGUE,3,0.0064
824,10005836,Library Of Ruina,3,0.0064
825,10005204,Medieval Dynasty,3,0.0064
826,202761,Middle-earth™: Shadow of Mordor™,3,0.0064
827,10017212,Mistfall Hunter,3,0.0064
828,233216,MLB® The Show™ 19,3,0.0064
829,235275,MLB® The Show™ 20,3,0.0064
830,10009931,Monster Energy Supercross 25 - The Official Video Game,3,0.0064
831,10000430,Monster Jam Steel Titans 2,3,0.0064
832,234489,Mortal Shell,3,0.0064
833,10016581,MotoGP™26,3,0.0064
834,230052,MudRunner,3,0.0064
835,231986,NBA 2K Playgrounds 2,3,0.0064
836,227888,NBA 2K18,3,0.0064
837,227160,NBA App,3,0.0064
838,202458,Neon TV,3,0.0064
839,10001829,Nickelodeon All-Star Brawl,3,0.0064
840,10002319,NOW,3,0.0064
841,10005197,Oddworld: Abe's Oddysee (PS1 emulation),3,0.0064
842,10013248,Onimusha: Way of the Sword,3,0.0064
843,233719,Overpass,3,0.0064
844,10005322,Pavlov,3,0.0064
845,10001866,PAW Patrol The Movie: Adventure City Calls,3,0.0064
846,10000672,Persona®5 Strikers,3,0.0064
847,235039,Planet Coaster: Console Edition,3,0.0064
848,10009025,Planet Zoo: Console Edition,3,0.0064
849,203421,PlanetSide 2,3,0.0064
850,234658,Plants vs. Zombies: Battle for Neighborville™,3,0.0064
851,10012036,Poppy Playtime: Chapter 4,3,0.0064
852,233468,Power Rangers - Battle for The Grid,3,0.0064
853,232068,PRO EVOLUTION SOCCER 2019,3,0.0064
854,203539,Pure Pool™,3,0.0064
855,229997,RAGE 2,3,0.0064
856,214653,Ratchet & Clank™,3,0.0064
857,10005682,Ravenswatch,3,0.0064
858,10018900,Real Cake Maker,3,0.0064
859,10005150,Resident Evil 2,3,0.0064
860,10005151,Resident Evil 3 Nemesis,3,0.0064
861,234784,Rocksmith™+,3,0.0064
862,10002085,Rumbleverse,3,0.0064
863,10008579,S.T.A.L.K.E.R.: Call of Prypiat,3,0.0064
864,204433,Saints Row IV: Re-Elected,3,0.0064
865,234481,Saints Row®: The Third™ Remastered,3,0.0064
866,10017775,SCHIZOPHRENIA,3,0.0064
867,10012598,Screamer,3,0.0064
868,10002418,Shredders,3,0.0064
869,10002426,Skul: The Hero Slayer,3,0.0064
870,10010642,Sledders,3,0.0064
871,10010692,Sly 3: Honor Among Thieves™,3,0.0064
872,228448,SONIC FORCES,3,0.0064
873,10002956,Sonic Frontiers PS4 & PS5,3,0.0064
874,233211,Spider-Man: Far From Home VR,3,0.0064
875,10008554,STAR WARS™: Battlefront Classic Collection,3,0.0064
876,10004434,Starlit Kart Racing,3,0.0064
877,229406,Street Fighter 30th Anniversary Collection,3,0.0064
878,235298,Subnautica: Below Zero,3,0.0064
879,10013017,Surviving Mars: Relaunched,3,0.0064
880,233784,Surviving the Aftermath,3,0.0064
881,10001023,Tennis World Tour 2,3,0.0064
882,232708,Tetris® Effect: Connected,3,0.0064
883,10007935,The Adventures of Elliot: The Millennium Tales,3,0.0064
884,222885,The Escapists 2,3,0.0064
885,10014727,The Jackbox Party Pack 11,3,0.0064
886,10000975,THE PLAYROOM VR,3,0.0064
887,10008902,The Precinct,3,0.0064
888,10007126,The Thaumaturge,3,0.0064
889,227247,The Walking Dead: A New Frontier,3,0.0064
890,10003778,Thymesia,3,0.0064
891,10007649,TIEBREAK: Official game of the ATP and WTA,3,0.0064
892,10005364,Tower of Fantasy,3,0.0064
893,10014850,Towerborne,3,0.0064
894,10015062,Train Sim World 6,3,0.0064
895,10011130,Train Sim World® 5,3,0.0064
896,10019997,Tricky doors,3,0.0064
897,230059,Trine 4: The Nightmare Prince,3,0.0064
898,10002261,Trivial Pursuit Live! 2,3,0.0064
899,228871,Tropico 6,3,0.0064
900,10008368,Twisted Metal 2,3,0.0064
901,10011751,UNDEFEATED,3,0.0064
902,205132,Until Dawn™,3,0.0064
903,10007965,V Rising,3,0.0064
904,10004312,Venba,3,0.0064
905,211466,Viaplay,3,0.0064
906,10009101,War Robots: Frontiers,3,0.0064
907,229531,Wheel of Fortune®,3,0.0064
908,205441,Yu-Gi-Oh! Legacy of the Duelist,3,0.0064
909,235376,Yu-Gi-Oh! Legacy of the Duelist : Link Evolution,3,0.0064
910,10018284,67,2,0.0043
911,228903,A Hat in Time,2,0.0043
912,10008945,A Little to the Left,2,0.0043
913,231037,A Plague Tale: Innocence,2,0.0043
914,10013799,AFL 26,2,0.0043
915,10012160,Age of Empires IV: Anniversary Edition,2,0.0043
916,10005351,Aliens: Dark Descent,2,0.0043
917,10011009,Anno 117: Pax Romana,2,0.0043
918,10003143,Anno 1800™ Console Edition,2,0.0043
919,206125,ARCADE GAME SERIES: PAC-MAN,2,0.0043
920,200098,Assassin's Creed® Freedom Cry,2,0.0043
921,10007896,Atomfall,2,0.0043
922,10006316,Atomic Heart,2,0.0043
923,228896,Attack on Titan 2,2,0.0043
924,10002150,Bassmaster® Fishing 2022 PS4™ and PS5™,2,0.0043
925,234853,Bayonetta,2,0.0043
926,229756,Ben 10,2,0.0043
927,232792,Bendy and the Ink Machine,2,0.0043
928,10002926,BioShock Infinite: The Complete Edition,2,0.0043
929,234422,Blasphemous,2,0.0043
930,10012236,Blindfire,2,0.0043
931,227087,Bloons TD 5,2,0.0043
932,10012002,Blue Prince,2,0.0043
933,10004805,Bramble: The Mountain King,2,0.0043
934,10008882,Breachers,2,0.0043
935,10007282,Brotato PS4 & PS5,2,0.0043
936,231473,Burnout Paradise Remastered,2,0.0043
937,10003891,Capcom Arcade 2nd Stadium,2,0.0043
938,10002190,Capcom Arcade Stadium,2,0.0043
939,10007943,Castlevania Dominus Collection,2,0.0043
940,10009855,Cat Life Simulator,2,0.0043
941,229453,Cat Quest,2,0.0043
942,10014130,Cazzarion: Hell Biker,2,0.0043
943,231477,Celeste,2,0.0043
944,10001709,Chef Life: A Restaurant Simulator,2,0.0043
945,10002921,Chernobylite Complete Edition,2,0.0043
946,234421,Contra Anniversary Collection,2,0.0043
947,10003516,Crash Team Rumble™,2,0.0043
948,10004465,Crazy Chicken Kart 2,2,0.0043
949,10004142,CRISIS CORE –FINAL FANTASY VII– REUNION　PS4 & PS5,2,0.0043
950,10002047,d anime store,2,0.0043
951,10006464,Dark Deception,2,0.0043
952,10009597,Darkest Dungeon II,2,0.0043
953,228188,Darksiders Warmastered Edition,2,0.0043
954,220997,DEAD OR ALIVE 5 Last Round,2,0.0043
955,10009964,Deadside,2,0.0043
956,10012700,Deadzone: Rogue,2,0.0043
957,200914,Diablo III: Eternal Collection,2,0.0043
958,10018901,Diamond Painting ASMR,2,0.0043
959,10005160,Dino Crisis,2,0.0043
960,10016065,Disgaea Mayhem,2,0.0043
961,10004933,Disney•Pixar Toy Story 2: Buzz Lightyear to the Rescue!,2,0.0043
962,201204,Dragon Age™: Inquisition,2,0.0043
963,10000586,Dragon Age™: The Veilguard,2,0.0043
964,221868,Dragon Quest X Online,2,0.0043
965,10015142,Drunkn Bar Fight 2,2,0.0043
966,10013703,DUCKSIDE (Early Access),2,0.0043
967,221177,DYNASTY WARRIORS 8: Xtreme Legends Complete Edition,2,0.0043
968,10011381,Easy Red 2,2,0.0043
969,10012310,Echoes of the End: Enhanced Edition,2,0.0043
970,10003484,Eiyuden Chronicle: Hundred Heroes,2,0.0043
971,10004764,Elite Sports Gaming Football,2,0.0043
972,10010653,ENDER MAGNOLIA: Bloom in the Mist,2,0.0043
973,10003128,Evil Genius 2: World Domination,2,0.0043
974,10001902,Evil West,2,0.0043
975,10008790,Expeditions: A MudRunner Game (PS4 & PS5),2,0.0043
976,10006217,Extreme Cycling,2,0.0043
977,231485,F1® 2018,2,0.0043
978,234425,F1® 2020,2,0.0043
979,10002174,F1® 2021,2,0.0043
980,235143,Family Feud,2,0.0043
981,10009499,FATAL FURY: City of the Wolves,2,0.0043
982,10004920,Fate/Samurai Remnant,2,0.0043
983,10005594,Fernbus - Coachbus Simulator,2,0.0043
984,10002342,FINAL FANTASY IV,2,0.0043
985,229479,FINAL FANTASY IX,2,0.0043
986,10003761,Firewall™ Ultra,2,0.0043
987,10002089,First Class Trouble,2,0.0043
988,229801,Fist of the North Star: Lost Paradise,2,0.0043
989,235194,Five Nights at Freddy's: Sister Location,2,0.0043
990,201576,Frozen Free Fall: Snowball Fight,2,0.0043
991,201787,Gems of War,2,0.0043
992,231068,Generation Zero,2,0.0043
993,10011844,Ghosts of Tabor,2,0.0043
994,234641,Gold Mining Simulator,2,0.0043
995,232798,Harold Halibut,2,0.0043
996,10000379,Harvest Moon: One World,2,0.0043
997,10012536,Hellblade II: Senua’s Saga,2,0.0043
998,10008904,Hello Kitty Island Adventure,2,0.0043
999,10003558,Hello Neighbor 2,2,0.0043
1000,10008685,Hi-Fi RUSH,2,0.0043
1001,10009634,Highway Drifter: Hajwala Simulator,2,0.0043
1002,10005940,Hotline Miami,2,0.0043
1003,232537,Idle Champions,2,0.0043
1004,234423,IMMORTALS FENYX RISING,2,0.0043
1005,10004707,Inscryption,2,0.0043
1006,10002709,Isonzo,2,0.0043
1007,221911,Job Simulator,2,0.0043
1008,230379,Jurassic World Evolution,2,0.0043
1009,10005847,Killer Frequency,2,0.0043
1010,232735,Kingdom: Two Crowns,2,0.0043
1011,202340,KNACK™,2,0.0043
1012,10009063,Legacy of Kain™ Soul Reaver 1&2 Remastered,2,0.0043
1013,10004343,LEGO® Brawls,2,0.0043
1014,229812,LEGO® The Incredibles,2,0.0043
1015,202523,Let It Die,2,0.0043
1016,235172,Life is Strange: True Colors,2,0.0043
1017,10010519,LOLLIPOP CHAINSAW RePOP,2,0.0043
1018,234290,Lonely Mountains: Downhill,2,0.0043
1019,10011885,Lumines Arise,2,0.0043
1020,216719,Madden NFL 18,2,0.0043
1021,232667,Madden NFL 20,2,0.0043
1022,10003900,Madden NFL 23 PS5™,2,0.0043
1023,202934,Marvel Ultimate Alliance 2,2,0.0043
1024,227158,Marvel’s Guardians of the Galaxy: The Telltale Series,2,0.0043
1025,10000970,Media Player,2,0.0043
1026,234427,MediEvil,2,0.0043
1027,231531,Mega Man X Legacy Collection 2,2,0.0043
1028,10002697,Mega Zombie,2,0.0043
1029,228772,"MEGOGO: TV, Movies, Sports",2,0.0043
1030,10008291,Metal Eden,2,0.0043
1031,202861,METAL GEAR SOLID V: GROUND ZEROES,2,0.0043
1032,202807,Metro 2033 Redux,2,0.0043
1033,233392,MOBILE SUIT GUNDAM EXTREME VS. MAXIBOOST ON,2,0.0043
1034,215408,MONOPOLY FAMILY FUN PACK,2,0.0043
1035,10002216,Monopoly Madness,2,0.0043
1036,229999,Monster Energy Supercross - The Official Videogame,2,0.0043
1037,10005466,Monster Energy Supercross - The Official Videogame 6 PS4 & PS5,2,0.0043
1038,10007583,Monster Hunter Stories 2: Wings of Ruin,2,0.0043
1039,10013075,Monster Hunter Stories 3: Twisted Reflection,2,0.0043
1040,10010256,Monster Train,2,0.0043
1041,10004427,MORDHAU,2,0.0043
1042,10006305,MotoGP™23 PS4 & PS5,2,0.0043
1043,10012137,MotoGP™25,2,0.0043
1044,235065,Moving Out,2,0.0043
1045,10005309,Moving Out 2,2,0.0043
1046,10012017,My Little Universe,2,0.0043
1047,227172,NARUTO SHIPPUDEN: Ultimate Ninja STORM 3 Full Burst,2,0.0043
1048,202963,NBA 2K15,2,0.0043
1049,218857,NBA 2K17,2,0.0043
1050,232321,NBA 2K19,2,0.0043
1051,203064,Need for Speed™ Rivals,2,0.0043
1052,10006032,Neon White,2,0.0043
1053,10002154,NFL PRO ERA II,2,0.0043
1054,10004025,NHL® 23 PS5™,2,0.0043
1055,231120,NHL™ 19,2,0.0043
1056,10003263,Nickelodeon Kart Racers 3: Slime Speedway,2,0.0043
1057,10001133,NOBUNAGA'S AMBITION: Awakening,2,0.0043
1058,227431,Oddworld: Soulstorm,2,0.0043
1059,10001193,ON THE ROAD - The Truck Simulator,2,0.0043
1060,203288,ONE PIECE BURNING BLOOD,2,0.0043
1061,231375,ONE PIECE WORLD SEEKER,2,0.0043
1062,234884,Pacify,2,0.0043
1063,221771,Persona 5,2,0.0043
1064,231796,Phoenix Wright: Ace Attorney Trilogy,2,0.0043
1065,10000598,PHOGS!,2,0.0043
1066,10002220,PJ Masks: Heroes of the Night,2,0.0043
1067,217710,Plague Inc: Evolved,2,0.0043
1068,10011786,POOLS,2,0.0043
1069,10001898,POSTAL Redux,2,0.0043
1070,216605,Prison Architect: PlayStation®4 Edition,2,0.0043
1071,212881,Pro Evolution Soccer 2016,2,0.0043
1072,10013614,Pure Pool Pro,2,0.0043
1073,10002576,Rabbids®: Party of Legends,2,0.0043
1074,203710,RaceTheSun,2,0.0043
1075,10008399,RaiPlay,2,0.0043
1076,231481,Rakuten TV,2,0.0043
1077,10009791,Revenge of the Savage Planet,2,0.0043
1078,235338,Ride 4,2,0.0043
1079,203701,Rock Band 4,2,0.0043
1080,221751,Rugby League Live 4,2,0.0043
1081,10003231,Salt and Sacrifice,2,0.0043
1082,10017123,ScootX,2,0.0043
1083,10012672,SEGA FOOTBALL CLUB CHAMPIONS,2,0.0043
1084,232189,SEGA Mega Drive Classics,2,0.0043
1085,233754,SHAREfactory™,2,0.0043
1086,10008251,SHINOBI: Art of Vengeance,2,0.0043
1087,204339,Sniper Elite 3,2,0.0043
1088,10008716,Sniper Elite: Resistance,2,0.0043
1089,233238,Sniper Ghost Warrior Contracts,2,0.0043
1090,10011012,Snooker Blitz,2,0.0043
1091,10003797,Sonic Origins,2,0.0043
1092,10016210,SOULCALIBUR III,2,0.0043
1093,10002535,Space Engineers,2,0.0043
1094,10019659,Splash of Color,2,0.0043
1095,10015148,Split Fiction,2,0.0043
1096,10008262,Star Trucker,2,0.0043
1097,234657,STAR WARS™: Squadrons,2,0.0043
1098,227469,Stellaris: Console Edition,2,0.0043
1099,10000714,SUPER ANIMAL ROYALE,2,0.0043
1100,10011190,Supermarket Owner Simulator: Business,2,0.0043
1101,10004518,SWORD ART ONLINE Fractured Daydream,2,0.0043
1102,10010432,SWORN,2,0.0043
1103,230635,Taiko no Tatsujin: Drum Session!,2,0.0043
1104,10009530,Tainted Grail: Fall of Avalon,2,0.0043
1105,231984,Tales of Vesperia: Definitive Edition,2,0.0043
1106,10015436,Tanki Online,2,0.0043
1107,10003986,Teenage Mutant Ninja Turtles: Shredder's Revenge,2,0.0043
1108,10011976,Teenage Mutant Ninja Turtles: Splintered Fate,2,0.0043
1109,10015791,TEKKEN 3,2,0.0043
1110,10015859,TEKKEN DARK RESURRECTION,2,0.0043
1111,10014096,Terminull Brigade™,2,0.0043
1112,10008217,The Alters,2,0.0043
1113,233747,The Fisherman - Fishing Planet,2,0.0043
1114,10004213,The Game of Life 2,2,0.0043
1115,10003120,The Jackbox Party Pack 8,2,0.0043
1116,204826,The Last Guardian™,2,0.0043
1117,204880,The LEGO® Movie - Videogame (GER),2,0.0043
1118,229699,The Swords of Ditto,2,0.0043
1119,204807,The Wolf Among Us,2,0.0043
1120,204538,Thief,2,0.0043
1121,10003699,This War of Mine: Final Cut,2,0.0043
1122,10018596,thmanyah,2,0.0043
1123,10009064,Tomb Raider IV-VI Remastered,2,0.0043
1124,10002062,Tormented Souls,2,0.0043
1125,10009776,Tour de France 2024,2,0.0043
1126,10012764,Tour de France 2025,2,0.0043
1127,10003309,Tourist Bus Simulator,2,0.0043
1128,10013078,Trails in the Sky 1st Chapter,2,0.0043
1129,10000539,Train Sim World 2,2,0.0043
1130,10014568,Truxton Extreme,2,0.0043
1131,10005573,TT Isle Of Man: Ride on the Edge 3,2,0.0043
1132,10015887,TVer/民放公式テレビ配信サービス,2,0.0043
1133,10002477,Twelve Minutes,2,0.0043
1134,10001458,Two Point Campus,2,0.0043
1135,234969,Two Point Hospital,2,0.0043
1136,212195,U-NEXT／ユーネクスト,2,0.0043
1137,10004687,Unpacking,2,0.0043
1138,205146,Unravel,2,0.0043
1139,10007767,Vampire: The Masquerade® - Bloodlines™ 2,2,0.0043
1140,205200,Vampyr,2,0.0043
1141,205340,War of the Monsters™,2,0.0043
1142,10016955,War Robots,2,0.0043
1143,10012449,WARRIORS: Abyss,2,0.0043
1144,10003862,Way of the Hunter,2,0.0043
1145,10001633,WE WERE HERE,2,0.0043
1146,10001636,WE WERE HERE TOO,2,0.0043
1147,234916,Weird West: Definitive Edition,2,0.0043
1148,10004409,Wild Arms,2,0.0043
1149,213379,Worms Battlegrounds,2,0.0043
1150,10001852,WOW,2,0.0043
1151,229397,WWE 2K18,2,0.0043
1152,203727,龍が如く０　誓いの場所,2,0.0043
1153,10015922,#DRIVE Rally,1,0.0021
1154,203586,[PROTOTYPE®],1,0.0021
1155,233095,13 Sentinels: Aegis Rim,1,0.0021
1156,10019715,AA Truck Simulator Euro Roads 2026,1,0.0021
1157,10010964,AAA Dynamic Scenes,1,0.0021
1158,222909,ABSOLVER,1,0.0021
1159,221659,ABZU,1,0.0021
1160,202879,ACA NEOGEO METAL SLUG X,1,0.0021
1161,10015335,Achilles: Survivor,1,0.0021
1162,10005440,AEW: Fight Forever,1,0.0021
1163,216814,AFL Evolution,1,0.0021
1164,10009260,Age of Mythology: Retold,1,0.0021
1165,10008444,Alaskan Road Truckers: Highway Edition,1,0.0021
1166,10000812,ALEX KIDD IN MIRACLE WORLD DX,1,0.0021
1167,10004186,Alexio,1,0.0021
1168,200220,Alien Shooter,1,0.0021
1169,10004478,Alien: Rogue Incursion VR,1,0.0021
1170,10016608,Alpine Skater,1,0.0021
1171,221671,Amnesia Collection,1,0.0021
1172,10005565,Among Us 3D: VR,1,0.0021
1173,10013492,Anime Uni 3,1,0.0021
1174,10001119,ANNO: Mutationem,1,0.0021
1175,10011374,Anomaly Pools,1,0.0021
1176,233432,AO Tennis 2,1,0.0021
1177,10006481,Ape Escape: On the Loose,1,0.0021
1178,10001021,Aragami 2,1,0.0021
1179,10003413,Arcade Archives PAC-MAN,1,0.0021
1180,218739,ARCADE GAME SERIES: GALAGA,1,0.0021
1181,10002527,Arcade Paradise,1,0.0021
1182,10013328,Archers Shadow Strike,1,0.0021
1183,10010252,ARMORED CORE,1,0.0021
1184,10010298,ARMORED CORE MASTER OF ARENA,1,0.0021
1185,10002789,art of rally,1,0.0021
1186,10008922,As Dusk Falls,1,0.0021
1187,233083,Ashen,1,0.0021
1188,215266,Assassin’s Creed® Chronicles: Trilogy Pack,1,0.0021
1189,234766,Asterix & Obelix XXL3,1,0.0021
1190,222944,Atari Flashback Classics vol.2,1,0.0021
1191,10002346,Atelier Mysterious Trilogy Deluxe Pack,1,0.0021
1192,10000754,Atelier Ryza 2: Lost Legends & the Secret Fairy,1,0.0021
1193,10005432,Atelier Ryza 3: Alchemist of the End & the Secret Key,1,0.0021
1194,200172,Atom Universe,1,0.0021
1195,10008588,Baby Steps,1,0.0021
1196,10014585,Backyard Baseball '97,1,0.0021
1197,10010936,Baking Time!,1,0.0021
1198,10012834,Ball Cannon,1,0.0021
1199,10016190,BALL x PIT,1,0.0021
1200,10013181,Baptiste,1,0.0021
1201,228677,Batman: The Enemy Within,1,0.0021
1202,200461,Battle Islands,1,0.0021
1203,200460,Battleborn,1,0.0021
1204,200450,Battlefield™ Hardline,1,0.0021
1205,10012826,Beam Driver,1,0.0021
1206,232492,Beat Saber,1,0.0021
1207,10013480,Bendy and the Dark Revival,1,0.0021
1208,10002309,Besiege,1,0.0021
1209,10001906,Big Rumble Boxing: Creed Champions,1,0.0021
1210,10011377,Bionic Bay,1,0.0021
1211,10012275,Birthday Boy,1,0.0021
1212,10005667,Black Death : A Tragic Dirge,1,0.0021
1213,229723,BLAZBLUE CROSS TAG BATTLE,1,0.0021
1214,10013958,BlazBlue Entropy Effect X,1,0.0021
1215,200521,Blood Bowl 2,1,0.0021
1216,10000371,Blood Bowl 3,1,0.0021
1217,10017140,BLUE REFLECTION Quartet,1,0.0021
1218,231065,Bomber Crew,1,0.0021
1219,231364,Borderlands®: Game of the Year Edition,1,0.0021
1220,10005007,Broken Edge,1,0.0021
1221,10008760,Broken Sword - Shadow of the Templars: Reforged,1,0.0021
1222,10007683,Brothers: A Tale of Two Sons Remake,1,0.0021
1223,10003801,Bubble Shooter FX,1,0.0021
1224,228948,Bubsy: The Woolies Strike Back,1,0.0021
1225,10016294,Buddy Garden,1,0.0021
1226,10002857,Bunny Raiders,1,0.0021
1227,10010756,Bus Bound,1,0.0021
1228,10011929,Bus Driving Simulator : EVO,1,0.0021
1229,10014085,Cairn,1,0.0021
1230,10000742,Cake Bash,1,0.0021
1231,10008958,Capcom Fighting Collection 2,1,0.0021
1232,10017727,Car Dealer Simulator,1,0.0021
1233,10019784,Car Service Simulator,1,0.0021
1234,10010538,Caravan SandWitch,1,0.0021
1235,10016169,Carmageddon: Rogue Shift,1,0.0021
1236,222958,Cartoon Network: Battle Crashers,1,0.0021
1237,232977,Castlevania Requiem: Symphony Of The Night & Rondo Of Blood,1,0.0021
1238,10014820,Cat From Hell,1,0.0021
1239,10016858,Cat From Hell 2,1,0.0021
1240,10013777,Cazzarion: Builder,1,0.0021
1241,10011780,Cazzarion: Jumping Tiger,1,0.0021
1242,10013100,Cazzarion: UFO Kidnapping,1,0.0021
1243,10011839,Chained Climb Together,1,0.0021
1244,222226,CHAOS CODE -NEW SIGN OF CATASTROPHE-,1,0.0021
1245,200696,Chasm,1,0.0021
1246,10018845,Chess Mate,1,0.0021
1247,225783,Chess Ultra,1,0.0021
1248,200740,Child of Light,1,0.0021
1249,10015740,Chimpanzini Bananini,1,0.0021
1250,10009508,City Transport Simulator: Bus + Tram,1,0.0021
1251,10003423,Clash: Artifacts of Chaos,1,0.0021
1252,10008370,Class of Heroes: Anniversary Edition,1,0.0021
1253,10003445,Cobra Kai 2: Dojos Rising,1,0.0021
1254,10005446,COCOON,1,0.0021
1255,10011448,CODE VEIN II,1,0.0021
1256,234471,Coffee Talk,1,0.0021
1257,10016216,Coloring Book,1,0.0021
1258,10009534,Core Keeper,1,0.0021
1259,10001410,Corpse Party,1,0.0021
1260,227109,Crawl,1,0.0021
1261,10018228,Crazy Cats Survivors,1,0.0021
1262,10014014,Crazy Cats vs. Crazy Cyborgs,1,0.0021
1263,10003601,Cricket 22,1,0.0021
1264,10013889,Cricket 26 - The Official Game of the Ashes,1,0.0021
1265,10004424,Crime Boss: Rockay City,1,0.0021
1266,10015827,Crime Simulator,1,0.0021
1267,10009719,Crossy Road Castle,1,0.0021
1268,10009392,Crow Country,1,0.0021
1269,216141,Crypt of the Necrodancer,1,0.0021
1270,10000351,Crysis 2 Remastered,1,0.0021
1271,10000353,Crysis 3 Remastered,1,0.0021
1272,10000350,Crysis® Remastered,1,0.0021
1273,10017989,CULTIC,1,0.0021
1274,10000563,Curse of the Dead Gods,1,0.0021
1275,10011097,Daemon X Machina: Titanic Scion,1,0.0021
1276,201098,Dailymotion,1,0.0021
1277,207135,Danganronpa 1.2 RELOAD,1,0.0021
1278,233099,Dark Devotion,1,0.0021
1279,10002767,Darker Skies,1,0.0021
1280,10010892,Date Everything!,1,0.0021
1281,10005947,Daxter,1,0.0021
1282,200896,Day of the Tentacle Remastered,1,0.0021
1283,10011229,Dead Estate,1,0.0021
1284,10012670,Dead Land 2 VR,1,0.0021
1285,221077,DEAD OR ALIVE 5 Last Round,1,0.0021
1286,225577,Dead Rising,1,0.0021
1287,201112,Dead Rising 2,1,0.0021
1288,212419,Dead Rising 2: Off The Record,1,0.0021
1289,10009074,Dead Rising Deluxe Remaster,1,0.0021
1290,228997,Death end re;Quest,1,0.0021
1291,10009279,DEATH NOTE Killer Within,1,0.0021
1292,10000185,DEATHLOOP,1,0.0021
1293,10013737,Deer & Boy,1,0.0021
1294,10014283,Demeo x Dungeons & Dragons: Battlemarked,1,0.0021
1295,10000991,Demon Slayer -Kimetsu no Yaiba- The Hinokami Chronicles,1,0.0021
1296,221677,Destroy All Humans! 2,1,0.0021
1297,10000178,Destruction AllStars,1,0.0021
1298,232009,Devil May Cry HD Collection,1,0.0021
1299,10004488,Dig or Die,1,0.0021
1300,207297,Digimon World: Next Order,1,0.0021
1301,10009955,Dinosaur RPG - Dino Survival Simulator Survivor,1,0.0021
1302,10007257,discovery+ | Stream TV Shows,1,0.0021
1303,10004335,Disgaea 6 Complete,1,0.0021
1304,10004787,Disgaea 7: Vows of the Virtueless,1,0.0021
1305,234764,Disney Classic Games: Aladdin and The Lion King,1,0.0021
1306,10007631,Disney•Pixar Buzz Lightyear of Star Command,1,0.0021
1307,10007632,Disney•Pixar Wall-E,1,0.0021
1308,228711,DJMAX RESPECT,1,0.0021
1309,10012029,Dog Man: Mission Impawsible,1,0.0021
1310,233884,DOOM (1993),1,0.0021
1311,234453,DOOM 3,1,0.0021
1312,234454,DOOM 64,1,0.0021
1313,233883,DOOM II (Classic),1,0.0021
1314,223963,Dragon's Dogma: Dark Arisen,1,0.0021
1315,229681,Dragon's Lair Trilogy,1,0.0021
1316,10003206,DRAGON BALL: THE BREAKERS,1,0.0021
1317,10018247,Dragon Loop,1,0.0021
1318,10010018,DRAGON QUEST III HD-2D Remake,1,0.0021
1319,235335,DRAGON QUEST XI S ECHOES OF AN ELUSIVE AGE - DEFINITIVE EDITION,1,0.0021
1320,10012119,Draw li,1,0.0021
1321,10011875,Dreamcore,1,0.0021
1322,10014872,Drift Racing Madness 2,1,0.0021
1323,10014022,Drug Dealer Simulator 2,1,0.0021
1324,200961,Duck Dynasty,1,0.0021
1325,216967,Duck Game,1,0.0021
1326,201148,Dungeon Defenders II,1,0.0021
1327,229001,DYNASTY WARRIORS 9,1,0.0021
1328,10016736,EA SPORTS™ Madden NFL 27,1,0.0021
1329,201323,EA SPORTS™ Rory McIlroy PGA TOUR®,1,0.0021
1330,201314,EA SPORTS™ UFC®,1,0.0021
1331,10002570,Eldest Souls,1,0.0021
1332,221902,Elite Dangerous,1,0.0021
1333,10008803,Emergency Call - The Attack Squad,1,0.0021
1334,231838,Emily Wants to Play Too,1,0.0021
1335,10019550,EMPULSE,1,0.0021
1336,10017550,Escape - Backrooms Horror VR,1,0.0021
1337,10000864,Eternal Kingdom Battle Peak,1,0.0021
1338,225118,Euro Fishing,1,0.0021
1339,10003393,F1® 22,1,0.0021
1340,10008015,F1® Manager 2023,1,0.0021
1341,10011532,FAIRY TAIL 2,1,0.0021
1342,235079,Fall Guys: Ultimate Knockout,1,0.0021
1343,10013482,FANTASY LIFE i: The Girl Who Steals Time,1,0.0021
1344,10003269,Far Cry® 3 Blood Dragon Classic Edition,1,0.0021
1345,10002934,FAR: Changing Tides,1,0.0021
1346,10012795,Farm Together 2,1,0.0021
1347,201645,Farming Simulator 15,1,0.0021
1348,216213,Farming Simulator 17,1,0.0021
1349,10000611,Fast Gear,1,0.0021
1350,233081,FIA European Truck Racing Championship,1,0.0021
1351,201399,FIFA 14,1,0.0021
1352,10004694,Fights in Tight Spaces,1,0.0021
1353,10002339,FINAL FANTASY,1,0.0021
1354,228209,FINAL FANTASY Ⅻ THE ZODIAC AGE,1,0.0021
1355,221517,FINAL FANTASY TYPE-0 HD,1,0.0021
1356,10002343,FINAL FANTASY V,1,0.0021
1357,10002344,FINAL FANTASY VI,1,0.0021
1358,221537,FINAL FANTASY VII,1,0.0021
1359,229480,FINAL FANTASY VIII Remastered,1,0.0021
1360,232285,Fishing Sim World,1,0.0021
1361,10002024,Fishing: North Atlantic,1,0.0021
1362,10011052,Flight Simulator Delivery: Cargo Business,1,0.0021
1363,10017204,FLOCKOUT,1,0.0021
1364,233671,Flowers: Four Seasons,1,0.0021
1365,10012804,Formula Legends,1,0.0021
1366,10000846,Forspoken,1,0.0021
1367,10008051,Friends vs Friends,1,0.0021
1368,10005934,Frogo 2,1,0.0021
1369,10006526,Frogo 3,1,0.0021
1370,10011553,Frogo Deluxe,1,0.0021
1371,10015411,FRONT MISSION 3: Remake,1,0.0021
1372,10009836,Frontier Hunter : Erza’s Wheel of Fortune,1,0.0021
1373,233993,Frostpunk,1,0.0021
1374,10015977,Fruit Collector: Beach edition,1,0.0021
1375,10011853,Fruits' harvest sorter,1,0.0021
1376,224851,Full Throttle Remastered,1,0.0021
1377,217102,Furi,1,0.0021
1378,10014080,Gaelic Football Laochra,1,0.0021
1379,218240,Game of Thrones,1,0.0021
1380,10004337,Gas Station Simulator,1,0.0021
1381,201815,Gauntlet™,1,0.0021
1382,10014230,Gex Trilogy,1,0.0021
1383,10002507,Ghostbusters: Spirits Unleashed Ecto Edition,1,0.0021
1384,10016519,Ghostly Whiskers,1,0.0021
1385,10001291,Ghostrunner,1,0.0021
1386,10003301,GigaBash,1,0.0021
1387,10005240,Gloomhaven,1,0.0021
1388,10003965,Goat Simulator: Remastered,1,0.0021
1389,201722,GODZILLA,1,0.0021
1390,10010662,Gothic Classic,1,0.0021
1391,201954,Grand Ages: Medieval,1,0.0021
1392,10018377,Grand Car Racing,1,0.0021
1393,201946,Grand Theft Auto 3,1,0.0021
1394,227396,Gravel,1,0.0021
1395,231092,Graveyard Keeper,1,0.0021
1396,221698,GRAVITY RUSH™ 2,1,0.0021
1397,226357,Gravity Rush™ Remastered,1,0.0021
1398,10004102,Green Hell VR,1,0.0021
1399,231093,GRID,1,0.0021
1400,201876,Grim Fandango Remastered,1,0.0021
1401,10017062,Grind Survivors,1,0.0021
1402,221697,Grow Up,1,0.0021
1403,10004650,Gunfire Reborn,1,0.0021
1404,228733,Guns Gore and Cannoli 2,1,0.0021
1405,10007169,GYLT,1,0.0021
1406,229077,H1Z1: Battle Royale,1,0.0021
1407,10004039,HAJWALA 2,1,0.0021
1408,202065,Harvest Moon®: A Wonderful Life Special Edition,1,0.0021
1409,201916,Hasbro Family Fun Pack,1,0.0021
1410,216278,Hatsune Miku: Project DIVA X,1,0.0021
1411,10008404,Have a Nice Death,1,0.0021
1412,10015210,Head Games,1,0.0021
1413,10009016,Heavy Cargo - The Truck Simulator,1,0.0021
1414,201902,HEAVY RAIN™,1,0.0021
1415,10007254,Hellsweeper VR,1,0.0021
1416,10013348,Heroes Sky Legends,1,0.0021
1417,232690,Higurashi no Naku Koro ni Hou,1,0.0021
1418,212679,HITMAN™,1,0.0021
1419,10002508,Hoa,1,0.0021
1420,202024,Homefront®: The Revolution,1,0.0021
1421,10009853,Hoodie Survivor,1,0.0021
1422,10003084,Hot Wheels® Rift Rally,1,0.0021
1423,10010271,HOTEL BARCELONA,1,0.0021
1424,231095,Hotel Transylvania 3: Monsters Overboard,1,0.0021
1425,10001919,Hotel Transylvania: Scary-Tale Adventures,1,0.0021
1426,202006,Hotline Miami,1,0.0021
1427,10006547,Hotline Miami 2: Wrong Number,1,0.0021
1428,202007,Hotline Miami 2: Wrong Number,1,0.0021
1429,10000044,House Flipper,1,0.0021
1430,10017580,House Flipper Remastered Collection,1,0.0021
1431,10014662,How 2 Escape: Lost Submarine,1,0.0021
1432,227150,How To Survive 2,1,0.0021
1433,233011,HUMANITY,1,0.0021
1434,201927,Hustle Kings™,1,0.0021
1435,10016411,Hydroneer,1,0.0021
1436,202132,I am Bread,1,0.0021
1437,10005317,Immortals of Aveum™,1,0.0021
1438,10016664,Incantation,1,0.0021
1439,10008296,INDIKA,1,0.0021
1440,202140,inFAMOUS™ First Light,1,0.0021
1441,223663,INSIDE,1,0.0021
1442,231922,Irony Curtain: From Matryoshka with Love,1,0.0021
1443,10009729,Is It Wrong to Try to Pick Up Girls in a Dungeon?: Battle Chronicle,1,0.0021
1444,10019501,Is Today Another Day?,1,0.0021
1445,227376,It's Quiz Time,1,0.0021
1446,10016253,Italian Brainrot,1,0.0021
1447,202184,Jak 3™,1,0.0021
1448,202185,Jak II™,1,0.0021
1449,230156,Jeopardy!®,1,0.0021
1450,233103,Jewel Fever 2,1,0.0021
1451,10012862,JIGSAW CHRONICLES: Most Wanted,1,0.0021
1452,10004956,John Carpenter's Toxic Commando,1,0.0021
1453,235418,John Wick Hex,1,0.0021
1454,10015901,JOYN. Österreichs SuperStreamer,1,0.0021
1455,10006168,Jusant,1,0.0021
1456,10002813,Just Dance® 2022,1,0.0021
1457,233595,Just Shapes & Beats,1,0.0021
1458,202677,Kamen Rider: Battride War Genesis,1,0.0021
1459,10018144,Kamikaze Strike: FPV Drone,1,0.0021
1460,10003980,Kao the Kangaroo,1,0.0021
1461,10001045,Katamari Damacy REROLL,1,0.0021
1462,232844,Ketsui Deathtiny -Kizuna Jigoku Tachi-,1,0.0021
1463,10009210,Killer Klowns from Outer Space: The Game,1,0.0021
1464,202335,KILLZONE™ SHADOW FALL,1,0.0021
1465,10008967,King Arthur: Knight's Tale,1,0.0021
1466,207894,Kitten Squad,1,0.0021
1467,217223,KNACK™ 2,1,0.0021
1468,10000646,Knockout City™,1,0.0021
1469,10016721,Kristala,1,0.0021
1470,10012925,KVARK,1,0.0021
1471,10017478,KYOTO XANADU -the Blooming Phantom-,1,0.0021
1472,10014325,Labyrinthine - Console Edition,1,0.0021
1473,10000882,LACROSSE 26,1,0.0021
1474,232460,Legendary Fishing,1,0.0021
1475,10006306,Legendary Tales,1,0.0021
1476,10007589,LEGO Star Wars II: The Original Trilogy,1,0.0021
1477,10003091,LEGO® 2K Drive,1,0.0021
1478,10014603,LEGO® Party!,1,0.0021
1479,202448,LEGO® STAR WARS™: The Force Awakens,1,0.0021
1480,10013025,Let's Sing 2026,1,0.0021
1481,223058,Lethal League,1,0.0021
1482,10001186,Life is Strange Remastered,1,0.0021
1483,10001187,Life is Strange Remastered Collection,1,0.0021
1484,229439,Life is Strange: Before the Storm,1,0.0021
1485,10013938,Life is Strange: Reunion,1,0.0021
1486,10008306,Like a Dragon Gaiden: The Man Who Erased His Name PS4 & PS5,1,0.0021
1487,10011704,Like a Dragon: Pirate Yakuza in Hawaii,1,0.0021
1488,202533,LIMBO,1,0.0021
1489,10007112,"Little Kitty, Big City",1,0.0021
1490,10003548,Little League World Series Baseball 2022,1,0.0021
1491,10011071,Little Legs,1,0.0021
1492,235408,Little Misfortune,1,0.0021
1493,227869,LocoRoco™ 2 Remastered,1,0.0021
1494,227868,LocoRoco™ Remastered,1,0.0021
1495,10013510,Logiart Grimoire,1,0.0021
1496,10008650,Long Gone Days,1,0.0021
1497,10011409,Lorelei and the Laser Eyes,1,0.0021
1498,229954,Lost Grimoires 2: Shard of Mystery,1,0.0021
1499,10019788,Lost Lands X,1,0.0021
1500,10009639,Lost Records: Bloom & Rage,1,0.0021
1501,10012778,Lost Soul Aside™,1,0.0021
1502,10010944,Love is all around,1,0.0021
1503,10000306,Love Live! School Idol Festival ~after school ACTIVITY~ Wai-Wai!Home Meeting!!,1,0.0021
1504,10002950,M.A.C.E. Tower Defense,1,0.0021
1505,229796,Madden NFL 19,1,0.0021
1506,10001894,Madden NFL 22 MVP Edition,1,0.0021
1507,227426,Mahjong Deluxe 3,1,0.0021
1508,10003237,Make Way,1,0.0021
1509,10008706,Manic Mechanics,1,0.0021
1510,10018003,MARVEL MaXimum Collection,1,0.0021
1511,10017196,MAVRIX by Matt Jones,1,0.0021
1512,229171,Max: The Curse of Brotherhood,1,0.0021
1513,10005032,MediEvil Resurrection™,1,0.0021
1514,10017457,Mega Carrier Simulator,1,0.0021
1515,202697,Mega Man Legacy Collection,1,0.0021
1516,10016383,Mega Man Star Force Legacy Collection,1,0.0021
1517,231109,Mega Man X Legacy Collection,1,0.0021
1518,10004169,Megaman Battle Network Legacy Collection,1,0.0021
1519,10008905,MEGATON MUSASHI W: WIRED,1,0.0021
1520,10000870,MEMORY LANE,1,0.0021
1521,223079,METAL GEAR SURVIVE,1,0.0021
1522,202880,METAL SLUG 3,1,0.0021
1523,202878,METAL SLUG XX,1,0.0021
1524,202875,METAL SLUG™ ANTHOLOGY,1,0.0021
1525,10009509,Metro Awakening,1,0.0021
1526,202806,Metro Redux,1,0.0021
1527,226459,Metro: Last Light Redux,1,0.0021
1528,10017259,Miiridian Prime,1,0.0021
1529,10014002,MindsEye,1,0.0021
1530,10000771,Minecraft Legends,1,0.0021
1531,10000249,Minoria,1,0.0021
1532,202820,MLB® The Show™ 16,1,0.0021
1533,225265,MLB® The Show™ 17,1,0.0021
1534,10003546,MLB® The Show™ 22,1,0.0021
1535,217487,Monster Boy and the Cursed Kingdom,1,0.0021
1536,234651,Monster Energy Supercross - The Official Videogame 3,1,0.0021
1537,10003080,Monster Energy Supercross - The Official Videogame 5 PS4 & PS5,1,0.0021
1538,10007582,Monster Hunter Stories,1,0.0021
1539,10010478,Monster Prom 2: Monster Camp XXL,1,0.0021
1540,227399,MotoGP™17,1,0.0021
1541,233375,MotoGP™19,1,0.0021
1542,10001934,MotoGP™21,1,0.0021
1543,10004098,MotoGP™22,1,0.0021
1544,10018133,MOTORSLICE,1,0.0021
1545,230499,MUSYNX,1,0.0021
1546,227167,MX vs. ATV All Out,1,0.0021
1547,10001129,MXGP 2020 - The Official Motocross Videogame,1,0.0021
1548,224887,My Name is Mayo,1,0.0021
1549,10003771,My Singing Monsters Playground,1,0.0021
1550,10007685,My Time at Sandrock,1,0.0021
1551,10015049,MySims™: Cozy Bundle,1,0.0021
1552,203150,NARUTO: Ultimate Ninja STORM,1,0.0021
1553,209689,NBA 2K14,1,0.0021
1554,10001982,NEO: The World Ends with You,1,0.0021
1555,10012944,Never Grave: The Witch and The Curse（PS5 & PS4）,1,0.0021
1556,10004947,New World: Aeternum,1,0.0021
1557,10003227,Nexomon,1,0.0021
1558,203081,NHL® 15,1,0.0021
1559,235325,NHL® 21,1,0.0021
1560,234632,NHL™ 20,1,0.0021
1561,10013105,Nice Day for Fishing,1,0.0021
1562,10014501,Nicktoons & The Dice of Destiny,1,0.0021
1563,10000272,NieR Replicant ver.1.22474487139…,1,0.0021
1564,217551,NieR:Automata,1,0.0021
1565,10012997,NINJA GAIDEN 2 Black,1,0.0021
1566,10001248,NINJA GAIDEN Master Collection,1,0.0021
1567,10010826,No Sleep For Kaname Date - From AI: THE SOMNIUM FILES,1,0.0021
1568,10000853,Nobody Saves the World,1,0.0021
1569,10003635,Nobody Wants to Die,1,0.0021
1570,10015993,Nordic Ashes: The Complete Saga,1,0.0021
1571,10001519,Observer: System Redux,1,0.0021
1572,10001785,OlliOlli World,1,0.0021
1573,10015159,Olympic Games Quiz,1,0.0021
1574,235359,Olympic Games Tokyo 2020 – The Official Video Game™,1,0.0021
1575,10005856,Omega Strikers,1,0.0021
1576,234039,One Night Stand,1,0.0021
1577,235242,ONE PIECE ODYSSEY PS4 & PS5,1,0.0021
1578,203284,ONE PIECE: PIRATE WARRIORS 3,1,0.0021
1579,234384,ONE PUNCH MAN: A HERO NOBODY KNOWS,1,0.0021
1580,10000832,ONEE CHANBARA ORIGIN,1,0.0021
1581,235136,Open Country,1,0.0021
1582,10008727,Otoko Cross: Pretty Boys Dropout!,1,0.0021
1583,227401,OUTRIDERS,1,0.0021
1584,10003398,PAC-MAN WORLD Re-PAC,1,0.0021
1585,10001938,Paint the Town Red,1,0.0021
1586,216570,Pang Adventures,1,0.0021
1587,228148,PaRappa The Rapper™ Remastered,1,0.0021
1588,233519,Party Panic,1,0.0021
1589,235243,Patapon™2 Remastered,1,0.0021
1590,231136,Paw Patrol: On a Roll!,1,0.0021
1591,10004221,Persona 3 Portable,1,0.0021
1592,231932,Persona 3: Dancing in Moonlight,1,0.0021
1593,10002378,Persona 4 Arena Ultimax,1,0.0021
1594,10005896,Persona 5 Tactica,1,0.0021
1595,234722,PGA TOUR 2K21,1,0.0021
1596,10001032,Phoenix Point,1,0.0021
1597,10013625,Piece Out,1,0.0021
1598,10014559,Pig Escape,1,0.0021
1599,10015749,Pig Escape 2,1,0.0021
1600,10000873,Pile Up! Box by Box,1,0.0021
1601,10008237,Pinball FX Midnight,1,0.0021
1602,216569,Pinball FX3,1,0.0021
1603,10011591,Pixicharm - Betty's Brawl,1,0.0021
1604,10011971,Platform 8,1,0.0021
1605,10011096,Platform Twister - PS4 & PS5,1,0.0021
1606,203433,PlayMemories Online,1,0.0021
1607,220337,PlayStation®VR Demo Disc,1,0.0021
1608,215176,PlayStation™Vue,1,0.0021
1609,10015761,Police Car Simulator : EVO,1,0.0021
1610,10018225,Polygon Mayhem,1,0.0021
1611,229229,Pool Nation,1,0.0021
1612,10005918,Potion Craft: Alchemist Simulator,1,0.0021
1613,10011593,Predator: Hunting Grounds,1,0.0021
1614,10013986,"Press ""X"" to win",1,0.0021
1615,224929,Prey,1,0.0021
1616,10002488,Primal Carnage: Evolution,1,0.0021
1617,210060,Primal Carnage: Extinction,1,0.0021
1618,10009664,Prison Boss VR,1,0.0021
1619,203576,Project CARS,1,0.0021
1620,221998,Project CARS 2,1,0.0021
1621,10000702,Project Wingman: Frontline 59,1,0.0021
1622,10002422,Psychonauts 2,1,0.0021
1623,203250,Puyo Puyo™ Tetris®,1,0.0021
1624,10017371,Puzzle Galaxy,1,0.0021
1625,10005398,Puzzle Quest 3: Match 3 RPG,1,0.0021
1626,10005715,Quake II,1,0.0021
1627,203621,Quiplash,1,0.0021
1628,235137,RACING BROS,1,0.0021
1629,230220,Rapala Fishing: Pro Series,1,0.0021
1630,10016684,Rayman: 30th Anniversary Edition,1,0.0021
1631,10003812,Red Bull TV PS5,1,0.0021
1632,10004160,Redout 2,1,0.0021
1633,231129,Remnant: From the Ashes,1,0.0021
1634,10013999,RENNSPORT,1,0.0021
1635,232113,Resident Evil 0,1,0.0021
1636,10005142,Resident Evil Director’s Cut,1,0.0021
1637,233003,RESIDENT EVIL RESISTANCE,1,0.0021
1638,232118,Resident Evil Revelations,1,0.0021
1639,10004653,Resistance: Retribution,1,0.0021
1640,10006133,Return To Monkey Island,1,0.0021
1641,10016344,Revenge On Gold Diggers,1,0.0021
1642,10003509,Richman 10,1,0.0021
1643,222873,Ride 2,1,0.0021
1644,10015861,RIDGE RACER,1,0.0021
1645,10004133,RimWorld Console Edition,1,0.0021
1646,203677,RISK,1,0.0021
1647,234070,River City Girls,1,0.0021
1648,229846,Riverbond,1,0.0021
1649,10003593,Road 96,1,0.0021
1650,10014077,RoboCop: Rogue City - Unfinished Business,1,0.0021
1651,203761,Rocksmith 2014,1,0.0021
1652,10012956,RollerCoaster Tycoon 3 Complete Edition,1,0.0021
1653,10016280,RollerCoaster Tycoon Classic,1,0.0021
1654,10015355,Rolling Ball,1,0.0021
1655,234917,Romance of the Three Kingdoms XIV,1,0.0021
1656,217571,Romancing SaGa 2,1,0.0021
1657,10013315,Rooftops & Alleys: The Parkour Game,1,0.0021
1658,10009990,ROUNDS,1,0.0021
1659,233755,Rugby 20,1,0.0021
1660,10003098,Rugby 22,1,0.0021
1661,10002870,Rune Factory 4 Special,1,0.0021
1662,10010244,Rune Factory: Guardians of Azuma,1,0.0021
1663,10008577,S.T.A.L.K.E.R.: Shadow of Chornobyl,1,0.0021
1664,204445,Saint Seiya: Soldiers' Soul,1,0.0021
1665,213748,Saints Row: Gat out of Hell,1,0.0021
1666,10003140,Sally Face,1,0.0021
1667,10011081,Salvation: Echoes of War,1,0.0021
1668,10001987,SAMURAI MAIDEN,1,0.0021
1669,10001263,SAMURAI WARRIORS 5,1,0.0021
1670,10017850,Save next christmas,1,0.0021
1671,235097,SCARLET NEXUS,1,0.0021
1672,10014026,Scott Pilgrim EX,1,0.0021
1673,10000698,Scott Pilgrim vs. The World™: The Game – Complete Edition,1,0.0021
1674,231843,Scribblenauts Showdown,1,0.0021
1675,10001098,SD GUNDAM BATTLE ALLIANCE PS4 & PS5,1,0.0021
1676,10004226,Sea of Stars: Sunset Edition,1,0.0021
1677,10011775,Section 13,1,0.0021
1678,204506,Serious Sam Collection,1,0.0021
1679,221784,Shadow Warrior 2,1,0.0021
1680,10010521,Shadows of Doubt,1,0.0021
1681,10006272,Shanghai Summer,1,0.0021
1682,10010133,Shave & Stuff,1,0.0021
1683,234417,ShellShock Live,1,0.0021
1684,235331,Sherlock Holmes: Crimes and Punishments,1,0.0021
1685,10004893,Shin chan: Me and the Professor on Summer Vacation -The Endless Seven-Day Journey-,1,0.0021
1686,10000341,Shin Megami Tensei III Nocturne HD Remaster,1,0.0021
1687,10007941,Shin Megami Tensei V: Vengeance,1,0.0021
1688,10010588,Ship Graveyard Simulator 2,1,0.0021
1689,10017733,Shop & Stuff: Supermarket Simulator,1,0.0021
1690,10001405,Shotgun Farmers,1,0.0021
1691,10004197,Shred! Remastered,1,0.0021
1692,10016634,SILLY POLLY BEAST,1,0.0021
1693,10010950,Siren,1,0.0021
1694,10014385,Skate Story,1,0.0021
1695,10005307,Sker Ritual,1,0.0021
1696,204293,Skullgirls 2nd Encore,1,0.0021
1697,232885,Sky,1,0.0021
1698,10003642,Skydance's BEHEMOTH,1,0.0021
1699,222426,Skylanders Imaginators,1,0.0021
1700,10010691,Sly 2: Band of Thieves™,1,0.0021
1701,216394,Sniper Ghost Warrior 3,1,0.0021
1702,10000888,SNIPER GHOST WARRIOR CONTRACTS 2,1,0.0021
1703,233488,Snooker Nation Championship,1,0.0021
1704,10013019,Solarpunk,1,0.0021
1705,10005102,Soulcalibur: Broken Destiny,1,0.0021
1706,10013240,Soulstone Survivors,1,0.0021
1707,204435,Sound Shapes,1,0.0021
1708,10008055,SOUTH PARK: SNOW DAY!,1,0.0021
1709,213750,Sparkle Unleashed,1,0.0021
1710,10008474,Speedball,1,0.0021
1711,10002764,Spellfarers,1,0.0021
1712,203977,Spelunky,1,0.0021
1713,10001266,Spelunky 2,1,0.0021
1714,10003265,Spin Rhythm XD,1,0.0021
1715,10000752,Spiritfarer,1,0.0021
1716,10007960,SpongeBob SquarePants™: The Patrick Star Game,1,0.0021
1717,10015018,SpongeBob: Krusty Cook-Off,1,0.0021
1718,10013020,Sports Renovations,1,0.0021
1719,10001684,Sportsnet,1,0.0021
1720,222447,Star Trek™: Bridge Crew,1,0.0021
1721,10004921,STAR WARS Demolition,1,0.0021
1722,10008489,STAR WARS Episode I: Jedi Power Battles,1,0.0021
1723,231404,Starlit Adventures,1,0.0021
1724,204232,STARWHAL,1,0.0021
1725,10003187,Steelrising,1,0.0021
1726,234652,STEINS;GATE: My Darling's Embrace,1,0.0021
1727,10013520,Stellaris: Console Edition PS5,1,0.0021
1728,10002035,STORY OF SEASONS: Friends of Mineral Town,1,0.0021
1729,232103,Streets of Rogue,1,0.0021
1730,204227,STRIDER,1,0.0021
1731,10006121,Stroke The Cat,1,0.0021
1732,10006143,Stroke The Parrot,1,0.0021
1733,10016308,Subway Simulator 2025 - City Train,1,0.0021
1734,10012979,Sudden Strike 5,1,0.0021
1735,10019954,Sudoku: Master League,1,0.0021
1736,231422,Suicide Guy,1,0.0021
1737,10019795,Suika Game Planet,1,0.0021
1738,10004292,Suikoden I&II HD Remaster Gate Rune and Dunan Unification Wars,1,0.0021
1739,217342,Super Mega Baseball 2,1,0.0021
1740,234759,Super Mega Baseball 3,1,0.0021
1741,10004282,Super Mega Baseball™ 4,1,0.0021
1742,10001183,Super Robot Wars 30,1,0.0021
1743,210292,Super Star Wars,1,0.0021
1744,232695,Super Volley Blast,1,0.0021
1745,228844,SUPERHOT,1,0.0021
1746,230315,SUPERHOT VR,1,0.0021
1747,10000397,SUPERHOT: MIND CONTROL DELETE,1,0.0021
1748,10013318,SuperPower,1,0.0021
1749,10011227,Sword of the Sea,1,0.0021
1750,10015158,Syberia - Remastered,1,0.0021
1751,10001404,Syberia - The World Before,1,0.0021
1752,10004651,Syphon Filter: Logan's Shadow,1,0.0021
1753,10005506,Taco Fun,1,0.0021
1754,10008356,Taiko no Tatsujin: Rhythm Festival,1,0.0021
1755,10009898,Tails of Iron 2: Whiskers of Winter,1,0.0021
1756,204836,Tales from the Borderlands,1,0.0021
1757,234823,Tales of Arise,1,0.0021
1758,10009737,Tales of Graces f Remastered,1,0.0021
1759,211910,Tales of Zestiria™,1,0.0021
1760,222904,Talisman Digital Edition,1,0.0021
1761,10007412,Taxi Life: A City Driving Simulator,1,0.0021
1762,215974,Tearaway™ Unfolded,1,0.0021
1763,204964,Teenage Mutant Ninja Turtles™: Mutants in Manhattan,1,0.0021
1764,10016801,Teeto,1,0.0021
1765,234757,Telling Lies,1,0.0021
1766,10011758,Tennis Elbow 4,1,0.0021
1767,10008168,Tennis On-Court,1,0.0021
1768,225780,TERA,1,0.0021
1769,10003938,TERAVIT,1,0.0021
1770,10001332,Terminator: Resistance Enhanced,1,0.0021
1771,231750,TerraTech,1,0.0021
1772,10017368,Terrinoth®: Heroes of Descent,1,0.0021
1773,231552,Texas Poker,1,0.0021
1774,10002652,The Callisto Protocol,1,0.0021
1775,10004528,The Chick C,1,0.0021
1776,10004192,The Dark Pictures Anthology: The Devil In Me,1,0.0021
1777,10006365,The Dino R,1,0.0021
1778,10005195,The Dog K,1,0.0021
1779,204572,The Evil Within,1,0.0021
1780,10002458,The Forgotten City,1,0.0021
1781,231167,The Gardens Between,1,0.0021
1782,10019734,The Green Light,1,0.0021
1783,10003342,THE HOUSE OF THE DEAD: Remake,1,0.0021
1784,10002666,The Invincible,1,0.0021
1785,204613,The Jackbox Party Pack 2,1,0.0021
1786,228852,The Jackbox Party Pack 4,1,0.0021
1787,234226,The Jackbox Party Pack 6,1,0.0021
1788,10000457,The Jackbox Party Pack 7,1,0.0021
1789,225977,THE KING OF FIGHTERS 2002 UNLIMITED MATCH,1,0.0021
1790,10005554,The Last Faith,1,0.0021
1791,228639,The Last of Us™ Left Behind Remastered,1,0.0021
1792,231876,THE LAST REMNANT Remastered,1,0.0021
1793,10003338,The Last Stand: Aftermath,1,0.0021
1794,10004605,The Legend of Dragoon,1,0.0021
1795,10003242,The Legend of Heroes: Trails from Zero,1,0.0021
1796,231981,The Legend of Heroes: Trails of Cold Steel,1,0.0021
1797,232098,The Legend of Heroes: Trails of Cold Steel IV,1,0.0021
1798,10002497,The Light in the Darkness,1,0.0021
1799,10008445,The Lord of the Rings: Return to Moria™,1,0.0021
1800,233517,The Messenger,1,0.0021
1801,10009456,The Oregon Trail,1,0.0021
1802,10011796,The Outer Worlds 2,1,0.0021
1803,10002245,The Riftbreaker,1,0.0021
1804,227521,The Seven Deadly Sins　Knights of Britannia,1,0.0021
1805,10001340,The Sinking City Remastered,1,0.0021
1806,10017532,The Spell Brigade,1,0.0021
1807,10003841,The Stanley Parable: Ultra Deluxe,1,0.0021
1808,10005089,The Walking Dead: Saints & Sinners - Chapter 2: Retribution,1,0.0021
1809,232129,The Walking Dead: The Final Season,1,0.0021
1810,205082,The Warriors,1,0.0021
1811,226877,The Witch and the Hundred Knight: Revival Edition,1,0.0021
1812,10000707,Thief Simulator,1,0.0021
1813,10010587,Thief Simulator 2,1,0.0021
1814,223177,This Is the Police,1,0.0021
1815,211798,Thumper,1,0.0021
1816,10016535,TIME CRISIS,1,0.0021
1817,10011401,TimeSplitters,1,0.0021
1818,10000818,Tiny Tina's Wonderlands,1,0.0021
1819,226898,Tokyo Xanadu eX+,1,0.0021
1820,10016323,Tokyo Xtreme Racer,1,0.0021
1821,10001036,Tony Stewart's All-American Racing,1,0.0021
1822,234898,Tools Up,1,0.0021
1823,233563,TORCHLIGHT 2,1,0.0021
1824,10008744,Tormented Souls 2,1,0.0021
1825,205050,torne®,1,0.0021
1826,10007452,Tour de France 2023,1,0.0021
1827,10017157,Tow Truck Police Simulator,1,0.0021
1828,204996,TowerFall Ascension,1,0.0021
1829,10005350,Townsmen VR,1,0.0021
1830,10011514,TRAIL OUT,1,0.0021
1831,10015452,Tralalero Tralala Jumper,1,0.0021
1832,205065,TRANSFORMERS: Devastation,1,0.0021
1833,10006507,Transport Fever 2: Console Edition,1,0.0021
1834,10007968,Trepang2,1,0.0021
1835,228851,Trials Rising(TM),1,0.0021
1836,10012776,TRIANGLE STRATEGY,1,0.0021
1837,10008601,Truck Simulator Driver 2023: Europe Cargo,1,0.0021
1838,10017023,True Fear: Forsaken Souls - Part 3,1,0.0021
1839,10010869,Trust No One,1,0.0021
1840,227217,TT Isle of Man - Ride on the Edge,1,0.0021
1841,234779,TT Isle of Man - Ride on the Edge 2,1,0.0021
1842,10002475,TUNIC,1,0.0021
1843,10001629,Turok 2: Seeds Of Evil,1,0.0021
1844,10009660,Two Point Museum,1,0.0021
1845,216429,Type:Rider,1,0.0021
1846,10001656,UEFA.tv,1,0.0021
1847,10005120,UFC Fight Pass,1,0.0021
1848,10014127,Ultimate Sparring,1,0.0021
1849,10003373,Ultros,1,0.0021
1850,10006287,Unicorn Fun,1,0.0021
1851,10015636,Unmourned,1,0.0021
1852,10000914,Unrailed!,1,0.0021
1853,234030,Vambrace: Cold Soul,1,0.0021
1854,10015481,Vampire Crawlers: The Turbo Wildcard from Vampire Survivors,1,0.0021
1855,10011203,Vampire Hunters,1,0.0021
1856,235236,Vanquish,1,0.0021
1857,10010902,VENDETTA FOREVER,1,0.0021
1858,216757,Verdun,1,0.0021
1859,10016682,Viking Frontiers,1,0.0021
1860,10015221,Virtua Fighter 5 R.E.V.O. World Stage,1,0.0021
1861,10008215,Visions of Mana,1,0.0021
1862,10018024,Wall World 2,1,0.0021
1863,10008095,Wanderer: The Fragments of Fate,1,0.0021
1864,10011396,War of the Monsters,1,0.0021
1865,10001701,"Warhammer 40,000: Battlesector",1,0.0021
1866,10004833,"Warhammer 40,000: Boltgun (PS4 & PS5)",1,0.0021
1867,10006942,"Warhammer 40,000: Chaos Gate - Daemonhunters",1,0.0021
1868,231180,"Warhammer 40,000: Inquisitor - Martyr",1,0.0021
1869,10008102,"Warhammer 40,000: Rogue Trader",1,0.0021
1870,10003872,Warlander,1,0.0021
1871,226937,WARRIORS OROCHI 3 Ultimate,1,0.0021
1872,218800,WARRIORS OROCHI 4 Ultimate,1,0.0021
1873,10002430,We Were Here Forever,1,0.0021
1874,234315,West of Dead,1,0.0021
1875,10012443,"What have you done, Father?",1,0.0021
1876,228885,White Day:a labyrinth named school,1,0.0021
1877,10016610,Who's at the door?,1,0.0021
1878,10005513,Wild Arms 2,1,0.0021
1879,205307,Wild Arms™ 3,1,0.0021
1880,10011231,Wild Arms™ 4,1,0.0021
1881,10017828,Wild West Supermarket Simulator,1,0.0021
1882,235103,Windbound,1,0.0021
1883,227255,WIPEOUT™ OMEGA COLLECTION,1,0.0021
1884,229533,Wolfenstein® II: The New Colossus™,1,0.0021
1885,205292,Wolfenstein®: The New Order,1,0.0021
1886,205500,WORLD OF FINAL FANTASY,1,0.0021
1887,10005255,World of Outlaws: Dirt Racing,1,0.0021
1888,10016860,WorldNeverland - Daily Life in the Elnea Kingdom - Another Life Adventure,1,0.0021
1889,10000898,Worms Rumble,1,0.0021
1890,205372,WRC 5 FIA World Rally Championship,1,0.0021
1891,221803,WRC 6 FIA World Rally Championship,1,0.0021
1892,233787,WRC 8 FIA World Rally Championship,1,0.0021
1893,10019326,Wreck Runners,1,0.0021
1894,10004561,WrestleQuest,1,0.0021
1895,234734,WWE 2K Battlegrounds,1,0.0021
1896,232235,WWE 2K19,1,0.0021
1897,228780,Yakuza Kiwami 2,1,0.0021
1898,10015219,Yakuza Kiwami 3 & Dark Ties PS4 & PS5,1,0.0021
1899,10013910,Yango Play,1,0.0021
1900,10010467,Yet Another Zombie Survivors,1,0.0021
1901,231186,Yoku's Island Express,1,0.0021
1902,10012610,Yooka-Replaylee,1,0.0021
1903,10000475,YORU TOMOSU,1,0.0021
1904,10001817,You Suck at Parking®,1,0.0021
1905,232766,Youtubers Life,1,0.0021
1906,10015554,Zero Caliber VR,1,0.0021
1907,227251,Zero Escape: The Nonary Games,1,0.0021
1908,211957,Zero Escape: Zero Time Dilemma,1,0.0021
1909,205514,ZOMBI,1,0.0021
1910,10013173,Zoochosis,1,0.0021
1911,10004407,Zorro The Chronicles,1,0.0021
1912,10008810,パワフルプロ野球2024-2025,1,0.0021
1913,228778,假面騎士 巔峰戰士／幪面超人 巔峰戰士,1,0.0021
1914,201415,地球防衛軍４.１ THE SHADOW OF NEW DESPAIR,1,0.0021
1915,200972,魔界戦記ディスガイア５,1,0.0021
