rank,title_id,title,players,percentage,release_date
45,2079757188,Forza Horizon 6,2693,0.9038,2026-05-18
52,1950263247,Mixtape,2316,0.7773,2026-05-07
65,2136186351,MOTORSLICE,1872,0.6283,2026-05-05
71,1792405589,Sledding Game,1715,0.5756,2026-04-29
73,1892502964,Hades II,1707,0.5729,2026-04-14
96,1679564487,Outbound,1246,0.4182,2026-05-11
135,1641858093,Albion Online,921,0.3091,2026-04-22
160,2120617189,Invincible VS,819,0.2749,2026-04-30
164,1949641254,TerraTech Legion,807,0.2709,2026-04-30
165,1728296368,Vampire Crawlers: The Turbo Wildcard from Vampire Survivors,804,0.2698,2026-04-21
200,1681140332,Aphelion,616,0.2067,2026-04-28
213,2011061477,PRAGMATA,593,0.199,2026-04-24
217,2056728314,inKONBINI: One Store. Many Stories,570,0.1913,2026-04-30
264,2087575977,MOUSE: P.I. For Hire,424,0.1423,2026-04-16
267,2083118773,REPLACED,408,0.1369,2026-04-14
271,1641465936,Kiln,404,0.1356,2026-04-23
523,1689241275,Black Jacket,150,0.0503,2026-05-12
611,2139519684,Hydroneer,116,0.0389,2026-05-08
631,1935095398,星之翼(Starward),109,0.0366,2026-04-16
712,1713885313,DPS IDLE 2,86,0.0289,2026-04-22
713,1615690100,FINAL FANTASY VII REBIRTH DEMO,86,0.0289,2026-04-28
735,1750584112,Lacrosse 26,83,0.0279,2026-04-24
784,2029431164,Bus Bound,72,0.0242,2026-04-30
852,1775878547,DPS IDLE 2 (Xbox One),64,0.0215,2026-04-22
882,1885859783,FATAL FURY: City of the Wolves,60,0.0201,2026-04-24
970,1876942993,Gladio Mori Demo,50,0.0168,2026-04-28
993,1805523441,Call of the Elder Gods,48,0.0161,2026-05-12
1048,1703928788,Fool's Pub,43,0.0144,2026-04-30
1096,2026289722,Heroes of Might and Magic: Olden Era (Game Preview),39,0.0131,2026-04-30
1112,1753941224,Life is Strange: Reunion,38,0.0128,2026-05-05
1207,1864028566,Dark Hours,31,0.0104,2026-04-22
1279,2021005220,MotoGP™26,27,0.0091,2026-04-29
1315,1740314317,ScooterFlow,25,0.0084,2026-04-30
1410,2131786732,Directive 8020,21,0.007,2026-05-12
1424,2119021593,Subnautica 2 (Game Preview),21,0.007,2026-05-14
1483,1940560837,Sudden Strike 5,19,0.0064,2026-04-23
1616,2015790908,Microsoft Jewel,15,0.005,2026-05-06
1687,1655404846,City Transport Simulator 2026,13,0.0044,2026-04-13
1694,1891276362,Dungeon Clawler,13,0.0044,2026-04-30
1817,1925571425,Jay and Silent Bob: Chronic Blunt Punch,11,0.0037,2026-04-20
1925,2061154621,Under Par Golf Architect,10,0.0034,2026-04-16
1928,2015433008,WILL: Follow The Light,10,0.0034,2026-05-07
1981,1744552935,iDigging,9,0.003,2026-05-07
2000,1819981071,Old Market Simulator,9,0.003,2026-04-27
2010,1910888016,Rival Stars Horse Racing,9,0.003,2026-04-28
2137,2105457739,Adorable Adventures,7,0.0023,2026-04-30
2144,1899605529,Barbarous: Survivor's Quest,7,0.0023,2026-05-08
2263,1801180387,Cat From Hell,6,0.002,2026-04-17
2294,2136871363,Indoor Baseball,6,0.002,2026-04-24
2366,1902996251,Tides of Tomorrow,6,0.002,2026-04-22
2417,1731932733,Constance,5,0.0017,2026-05-01
2620,1646780412,Dentist Bling,4,0.0013,2026-05-15
2646,1731736563,Farm Manager World,4,0.0013,2026-04-24
2654,1858731712,Froggy Hates Snow,4,0.0013,2026-05-07
2663,2086871459,Ground Zero,4,0.0013,2026-04-16
2695,2030491539,Magic Sheep (Xbox One),4,0.0013,2026-05-06
2705,1961480206,Monster Crown: Sin Eater,4,0.0013,2026-04-30
2795,1912034062,True Fear: Forsaken Souls Part 3 Demo,4,0.0013,2026-04-30
2801,2114003529,Wax Heads,4,0.0013,2026-05-05
2805,1708238224,Word Quest Fantasy,4,0.0013,2026-04-17
2806,1709000658,Word Quest: Cyberpunk,4,0.0013,2026-04-24
2855,1883382068,Bubsy 4D Demo,3,0.001,2026-04-22
2879,1767097660,Cthulhu: The Cosmic Abyss,3,0.001,2026-04-16
2913,2026236016,Floor 9,3,0.001,2026-04-24
2966,1722781084,LEGO® Batman™: Legacy of the Dark Knight,3,0.001,2026-05-22
3064,1708383800,So Much Stuff Collector's Edition,3,0.001,2026-05-07
3085,1762659260,Survivor Mercs,3,0.001,2026-04-30
3123,1620095408,Until Then,3,0.001,2026-04-23
3125,1775673051,Versebound,3,0.001,2026-05-06
3154,2084418502,A Nice Drive,2,0.0007,2026-05-05
3199,2141362005,Bandit Trap,2,0.0007,2026-04-30
3238,1681955867,Call of the Elder Gods Demo,2,0.0007,2026-04-23
3269,1833081413,Cozy Valley Life,2,0.0007,2026-04-29
3275,1680691785,Curious Copy Cats (Xbox One),2,0.0007,2026-04-17
3300,2099244998,Drill Core,2,0.0007,2026-04-28
3308,1797803457,Elementallis,2,0.0007,2026-04-28
3437,1703986144,Kristala,2,0.0007,2026-04-23
3460,1950004384,Magin: The Rat Project Stories,2,0.0007,2026-04-29
3463,1627771857,Marvel Cosmic Invasion Demo,2,0.0007,2026-04-17
3511,1651316148,Noodlebound (Xbox One),2,0.0007,2026-05-07
3512,1973804461,Noodlebound (Xbox Series),2,0.0007,2026-05-07
3588,1932118899,Saint Slayer: Spear of Sacrilege,2,0.0007,2026-04-20
3627,1633036635,Snack and Quack: Duckling Steps (Xbox One),2,0.0007,2026-05-12
3644,2050564609,Strange Antiquities,2,0.0007,2026-04-30
3648,1980078432,Super Adventure Hand,2,0.0007,2026-05-08
3672,1862141076,The Coma 3: Bloodlines,2,0.0007,2026-04-30
3858,1933007158,Arcade Archives 2 ARKANOID,1,0.0003,2026-05-06
3898,1741940049,Bag Fight,1,0.0003,2026-05-22
4027,1660920487,Cat From Hell 2,1,0.0003,2026-05-01
4030,1949212446,Cat&Rabbit Pizza Farming,1,0.0003,2026-04-24
4070,1845224726,Codename: Black Crow,1,0.0003,2026-05-08
4071,2145430901,Coffee Talk Tokyo,1,0.0003,2026-05-21
4116,1802226567,Curious Copy Cats,1,0.0003,2026-04-17
4121,2022374858,CyberBlocker Complete Edition,1,0.0003,2026-04-29
4190,2103350728,Dragon Is Dead,1,0.0003,2026-04-23
4240,1840144233,Ereban: Shadow Legacy,1,0.0003,2026-04-16
4260,1771895153,Faircroft's Antiques: The Forbidden Crypt Collector's Edition,1,0.0003,2026-05-07
4284,1861635890,Find My Frogs,1,0.0003,2026-04-15
4365,2008291701,Golem Lights (Xbox One),1,0.0003,2026-05-05
4457,2069767141,In Trusted Hands,1,0.0003,2026-05-08
4463,1775503484,Inhuman Resources: A Literary Machination,1,0.0003,2026-04-17
4512,1760526104,Kingdom's Return: Time-Eating Fruit and the Ancient Monster,1,0.0003,2026-04-23
4610,1788751821,Micro Overdrive: Home Tour,1,0.0003,2026-04-24
4675,1963678559,NITRO GEN OMEGA Demo,1,0.0003,2026-04-15
4739,1680068944,Perfect Klondike Solitaire,1,0.0003,2026-05-07
4748,1788310602,Piggy’s Farm (Xbox One),1,0.0003,2026-04-23
4749,2109230508,Piggy’s Farm (Xbox Series),1,0.0003,2026-04-23
4759,2082964047,Plantera 2: Golden Acorn,1,0.0003,2026-05-01
4776,2003536034,Priest Simulator: Vampire Show,1,0.0003,2026-05-07
4840,1935887689,Riven,1,0.0003,2026-05-19
4879,1770381407,Save My Wife,1,0.0003,2026-04-23
4880,2139269757,Save My Wife (XBOX SERIES),1,0.0003,2026-04-23
4914,1666530622,Shy Cats Hidden Orchestra 2,1,0.0003,2026-04-22
4935,2014560919,Slitcher.io - Multiplayer 1V1,1,0.0003,2026-04-30
4941,1986400873,Smash it Wild: Tactical Volleyball Roguelike,1,0.0003,2026-04-16
4942,1714790772,Snack and Quack: Duckling Steps (Xbox Series),1,0.0003,2026-05-12
4990,1690076332,Star Fire: Eternal Cycle,1,0.0003,2026-04-23
5048,1773338848,Survivor Legion,1,0.0003,2026-04-30
5093,1645570658,The Empty Desk,1,0.0003,2026-04-17
5127,1669687436,The Space Junk Runner,1,0.0003,2026-04-13
5131,2138444881,THE TAG-ALONG OBSESSION,1,0.0003,2026-05-06
5143,2012817755,This is Fine: Maximum Cope,1,0.0003,2026-05-01
5203,1847513516,True Fear: Forsaken Souls Part 3,1,0.0003,2026-04-30
5216,1667955234,Ultra Crystal Rush (Xbox One),1,0.0003,2026-04-29
5217,1804639035,Ultra Crystal Rush (Xbox Series X/S),1,0.0003,2026-04-29
5222,1907156135,Underling Uprising,1,0.0003,2026-05-14
5233,1981221876,Urban Jungle,1,0.0003,2026-04-23
5306,1799413239,Yomi 2,1,0.0003,2026-05-13
5325,1829009418,Zoo Orbs: Safari (Xbox One),1,0.0003,2026-04-29
5326,1698518232,Zoo Orbs: Safari (Xbox Series),1,0.0003,2026-04-29
